date,fips,lat,lon,tmax,tmin,prcp,wind_speed,fmc,fire_size
2025-05-06,6001.0,37.647139,-121.912488,18.2,8.3,0.0,21.7,52.0,-2.7383187
2025-05-06,6003.0,38.621783,-119.798352,7.0,-5.8,0.0,19.9,90.49573584427112,0.151173
2025-05-06,6005.0,38.443549,-120.653858,19.1,5.1,0.0,15.4,88.0,5.893578
2025-05-06,6007.0,39.665336,-121.603209,22.8,8.7,0.0,10.1,90.49573584427112,-6.00765
2025-05-06,6009.0,38.191068,-120.554107,19.6,5.3,0.0,15.0,90.49573584427112,-5.337693
2025-05-06,6011.0,39.177739,-122.237563,23.8,10.5,0.0,18.7,210.0,-0.09621997
2025-05-06,6013.0,37.919479,-121.951543,18.5,5.7,0.0,21.1,90.49573584427112,-3.855226
2025-05-06,6015.0,41.749903,-123.980998,14.7,3.7,0.0,11.7,90.49573584427112,-2.0065355
2025-05-06,6017.0,38.785612,-120.534225,15.1,1.0,0.0,17.0,66.0,-2.929318
2025-05-06,6019.0,36.761006,-119.655019,24.1,13.6,0.0,22.7,90.49573584427112,-18.19457
2025-05-06,6021.0,39.602546,-122.4017,21.9,8.7,0.0,12.5,90.49573584427112,-8.621293
2025-05-06,6023.0,40.706655,-123.926176,13.4,2.1,0.0,14.1,90.49573584427112,-1.0897825
2025-05-06,6025.0,33.040814,-115.3554,31.3,15.8,0.0,36.9,90.49573584427112,-8.682999
2025-05-06,6027.0,36.56216,-117.404209,16.3,10.1,0.0,24.5,87.5,-4.073238
2025-05-06,6029.0,35.346629,-118.729506,21.4,11.9,0.0,12.4,90.49573584427112,-14.36067
2025-05-06,6031.0,36.072478,-119.81553,25.8,13.6,0.0,24.2,95.0,5.0534825
2025-05-06,6033.0,39.108009,-122.745217,16.9,3.9,0.0,15.5,90.49573584427112,-0.84008676
2025-05-06,6035.0,40.715287,-120.621223,10.6,-4.9,0.3,19.5,90.49573584427112,1.2299595
2025-05-06,6037.0,34.196398,-118.261862,19.8,11.8,0.0,14.7,90.49573584427112,-5.2520847
2025-05-06,6039.0,37.209821,-119.749802,20.8,9.3,0.0,12.2,90.49573584427112,-6.045995
2025-05-06,6041.0,38.051367,-122.746396,17.0,5.5,0.0,20.6,90.49573584427112,-2.5519555
2025-05-06,6043.0,37.574343,-119.911721,17.9,6.4,0.0,12.7,90.49573584427112,-5.600609
2025-05-06,6045.0,39.432388,-123.442881,16.0,3.5,0.0,17.2,90.49573584427112,0.029203244
2025-05-06,6047.0,37.194806,-120.722802,26.3,9.5,0.0,27.0,106.0,22.001928
2025-05-06,6049.0,41.592918,-120.71837,13.5,-1.8,0.0,15.5,90.49573584427112,1.3181145
2025-05-06,6051.0,37.915836,-118.875167,6.7,-0.1,0.9,11.3,90.49573584427112,-2.3816442
2025-05-06,6053.0,36.240104,-121.315578,20.6,7.3,0.0,29.2,89.0,3.6842833
2025-05-06,6055.0,38.5071,-122.325904,20.1,4.9,0.0,21.8,90.49573584427112,-4.484912
2025-05-06,6057.0,39.297508,-120.771343,14.1,0.1,0.0,15.9,90.49573584427112,-1.7135499
2025-05-06,6059.0,33.675687,-117.777207,20.5,15.0,0.0,15.6,92.33333333333331,-4.9749274
2025-05-06,6061.0,39.062032,-120.722718,16.6,2.1,0.0,14.5,66.66666666666667,-0.21161677
2025-05-06,6063.0,39.992295,-120.824371,6.9,-6.6,0.0,11.8,148.0,2.067625
2025-05-06,6065.0,33.729828,-116.002239,22.4,14.2,0.0,21.1,90.49573584427112,-8.748989
2025-05-06,6067.0,38.450136,-121.344329,24.9,8.4,0.0,21.2,90.49573584427112,-0.51445806
2025-05-06,6069.0,36.611651,-121.085811,19.3,5.2,0.0,13.0,90.49573584427112,1.8391874
2025-05-06,6071.0,34.856661,-116.181571,24.8,15.3,0.0,33.9,90.49573584427112,28.438215
2025-05-06,6073.0,33.023604,-116.776117,17.4,6.7,0.0,17.3,110.0,-0.35937375
2025-05-06,6075.0,37.727239,-123.032229,10.9,10.1,0.0,32.6,90.49573584427112,-1.6524473
2025-05-06,6077.0,37.934982,-121.272244,24.5,10.5,0.0,33.7,90.49573584427112,-1.8947507
2025-05-06,6079.0,35.388189,-120.448897,20.8,7.9,0.0,18.5,90.49573584427112,-4.0168138
2025-05-06,6081.0,37.414672,-122.371546,14.1,7.4,0.0,15.3,87.5,-3.9095964
2025-05-06,6083.0,34.536677,-120.038364,20.1,6.6,0.0,22.2,83.75,3.4668677
2025-05-06,6085.0,37.221614,-121.68954,19.9,5.9,0.0,20.8,65.5,-0.7172248
2025-05-06,6087.0,37.012347,-122.007789,17.3,9.6,0.0,32.5,90.49573584427112,-4.784362
2025-05-06,6089.0,40.760514,-122.043556,20.1,6.4,0.0,14.3,90.49573584427112,-3.1371682
2025-05-06,6091.0,39.576925,-120.521993,5.5,-8.2,0.0,12.1,90.49573584427112,1.5555644
2025-05-06,6093.0,41.587986,-122.533287,16.3,5.0,0.0,16.2,90.49573584427112,1.066021
2025-05-06,6095.0,38.267226,-121.939594,22.3,6.8,0.0,21.8,90.49573584427112,-5.555661
2025-05-06,6097.0,38.525182,-122.92611,19.0,3.0,0.0,20.2,90.49573584427112,2.1644433
2025-05-06,6099.0,37.562316,-121.002831,25.8,9.2,0.0,26.2,90.49573584427112,-1.4112161
2025-05-06,6101.0,39.03619,-121.70394,24.3,8.9,0.0,16.3,65.5,-2.886956
2025-05-06,6103.0,40.126157,-122.232274,23.6,7.8,0.0,12.5,90.49573584427112,-3.9052737
2025-05-06,6105.0,40.647858,-123.114666,12.2,-2.1,0.0,9.6,90.49573584427112,3.4717872
2025-05-06,6107.0,36.228834,-118.781055,17.4,9.3,0.0,10.5,90.49573584427112,-0.44697845
2025-05-06,6109.0,38.021434,-119.964733,9.1,-2.3,0.0,13.8,90.49573584427112,0.83656067
2025-05-06,6111.0,34.358748,-119.133145,20.0,12.5,0.0,19.2,90.49573584427112,-1.6515363
2025-05-06,6113.0,38.679609,-121.90275,23.4,9.0,0.0,26.0,90.49573584427112,-0.0046256073
2025-05-06,6115.0,39.27013,-121.344259,21.5,7.5,0.0,11.8,90.49573584427112,1.6381546
2025-05-07,6001.0,37.647139,-121.912488,23.7,10.2,0.0,18.4,52.0,7.594241
2025-05-07,6003.0,38.621783,-119.798352,15.8,3.0,0.0,19.0,90.49573584427112,2.0376062
2025-05-07,6005.0,38.443549,-120.653858,23.8,10.0,0.0,14.0,88.0,8.736931
2025-05-07,6007.0,39.665336,-121.603209,26.7,13.3,0.0,20.8,90.49573584427112,0.110726565
2025-05-07,6009.0,38.191068,-120.554107,24.9,10.7,0.0,13.1,90.49573584427112,20.950895
2025-05-07,6011.0,39.177739,-122.237563,30.8,12.1,0.0,22.4,210.0,20.775812
2025-05-07,6013.0,37.919479,-121.951543,23.9,9.3,0.0,26.8,90.49573584427112,0.16728722
2025-05-07,6015.0,41.749903,-123.980998,18.7,8.2,0.0,12.8,90.49573584427112,3.3140018
2025-05-07,6017.0,38.785612,-120.534225,20.6,9.4,0.0,15.5,66.0,0.045209885
2025-05-07,6019.0,36.761006,-119.655019,31.3,12.2,0.0,14.7,90.49573584427112,14.732914
2025-05-07,6021.0,39.602546,-122.4017,27.1,12.8,0.0,15.4,90.49573584427112,-9.596389
2025-05-07,6023.0,40.706655,-123.926176,18.2,5.7,0.0,17.6,90.49573584427112,-4.1596456
2025-05-07,6025.0,33.040814,-115.3554,29.9,15.3,0.0,29.8,90.49573584427112,2.56218
2025-05-07,6027.0,36.56216,-117.404209,21.5,9.4,0.0,14.8,87.5,1.6368428
2025-05-07,6029.0,35.346629,-118.729506,29.5,16.1,0.0,19.2,90.49573584427112,27.823586
2025-05-07,6031.0,36.072478,-119.81553,32.1,11.7,0.0,11.8,95.0,12.437475
2025-05-07,6033.0,39.108009,-122.745217,23.8,11.1,0.0,15.3,90.49573584427112,9.654425
2025-05-07,6035.0,40.715287,-120.621223,19.0,5.1,0.0,24.0,90.49573584427112,-1.103404
2025-05-07,6037.0,34.196398,-118.261862,23.6,9.5,0.0,14.1,90.49573584427112,-7.58647
2025-05-07,6039.0,37.209821,-119.749802,26.4,13.1,0.0,13.0,90.49573584427112,17.0696
2025-05-07,6041.0,38.051367,-122.746396,17.8,8.7,0.0,15.5,90.49573584427112,0.6828654
2025-05-07,6043.0,37.574343,-119.911721,24.0,12.6,0.0,15.2,90.49573584427112,1.3928128
2025-05-07,6045.0,39.432388,-123.442881,19.8,7.9,0.0,15.1,90.49573584427112,-2.5935347
2025-05-07,6047.0,37.194806,-120.722802,31.6,11.2,0.0,24.4,106.0,14.273894
2025-05-07,6049.0,41.592918,-120.71837,20.5,7.1,0.0,31.7,90.49573584427112,0.04373727
2025-05-07,6051.0,37.915836,-118.875167,17.6,1.4,0.0,15.3,90.49573584427112,-4.065084
2025-05-07,6053.0,36.240104,-121.315578,26.5,6.8,0.0,23.3,89.0,36.664818
2025-05-07,6055.0,38.5071,-122.325904,23.9,7.8,0.0,16.5,90.49573584427112,-9.253796
2025-05-07,6057.0,39.297508,-120.771343,20.3,9.2,0.0,17.2,90.49573584427112,-1.4993869
2025-05-07,6059.0,33.675687,-117.777207,22.4,13.7,0.0,16.6,92.33333333333331,13.955647
2025-05-07,6061.0,39.062032,-120.722718,22.6,11.3,0.0,13.9,66.66666666666667,11.049632
2025-05-07,6063.0,39.992295,-120.824371,18.7,5.2,0.0,20.1,148.0,0.30723616
2025-05-07,6065.0,33.729828,-116.002239,24.4,12.1,0.0,13.2,90.49573584427112,-0.7005597
2025-05-07,6067.0,38.450136,-121.344329,28.2,10.3,0.0,16.2,90.49573584427112,20.774305
2025-05-07,6069.0,36.611651,-121.085811,25.2,11.6,0.0,15.8,90.49573584427112,10.946817
2025-05-07,6071.0,34.856661,-116.181571,27.8,13.0,0.0,18.0,90.49573584427112,33.23436
2025-05-07,6073.0,33.023604,-116.776117,23.7,9.2,0.0,14.2,110.0,-5.2267537
2025-05-07,6075.0,37.727239,-123.032229,11.8,8.7,0.0,40.0,90.49573584427112,0.20753591
2025-05-07,6077.0,37.934982,-121.272244,30.8,11.2,0.0,19.6,90.49573584427112,41.378914
2025-05-07,6079.0,35.388189,-120.448897,24.3,6.9,0.0,15.8,90.49573584427112,-3.395894
2025-05-07,6081.0,37.414672,-122.371546,18.5,8.4,0.0,20.4,87.5,-0.5172066
2025-05-07,6083.0,34.536677,-120.038364,22.4,6.7,0.0,14.9,83.75,1.3306042
2025-05-07,6085.0,37.221614,-121.68954,22.8,7.9,0.0,17.8,65.5,-4.6669636
2025-05-07,6087.0,37.012347,-122.007789,15.5,9.7,0.0,11.6,90.49573584427112,1.3282784
2025-05-07,6089.0,40.760514,-122.043556,24.6,13.6,0.0,14.8,90.49573584427112,4.3630557
2025-05-07,6091.0,39.576925,-120.521993,15.8,2.8,0.0,17.2,90.49573584427112,1.2628717
2025-05-07,6093.0,41.587986,-122.533287,26.1,10.5,0.0,28.3,90.49573584427112,-17.301367
2025-05-07,6095.0,38.267226,-121.939594,22.9,10.3,0.0,29.6,90.49573584427112,3.4763246
2025-05-07,6097.0,38.525182,-122.92611,24.7,6.9,0.0,9.2,90.49573584427112,4.443538
2025-05-07,6099.0,37.562316,-121.002831,32.3,11.7,0.0,23.5,90.49573584427112,61.85436
2025-05-07,6101.0,39.03619,-121.70394,28.5,11.7,0.0,21.3,65.5,-14.251785
2025-05-07,6103.0,40.126157,-122.232274,28.1,12.7,0.0,16.5,90.49573584427112,3.218915
2025-05-07,6105.0,40.647858,-123.114666,21.1,5.0,0.0,18.5,90.49573584427112,-2.4017148
2025-05-07,6107.0,36.228834,-118.781055,25.4,11.3,0.0,13.5,90.49573584427112,10.733205
2025-05-07,6109.0,38.021434,-119.964733,17.4,6.2,0.0,17.9,90.49573584427112,2.8443143
2025-05-07,6111.0,34.358748,-119.133145,20.6,11.6,0.0,13.4,90.49573584427112,-0.3906191
2025-05-07,6113.0,38.679609,-121.90275,29.0,11.4,0.0,17.5,90.49573584427112,33.758785
2025-05-07,6115.0,39.27013,-121.344259,25.8,14.6,0.0,21.6,90.49573584427112,28.020655
2025-05-08,6001.0,37.647139,-121.912488,26.6,10.6,0.0,14.9,52.0,18.939943
2025-05-08,6003.0,38.621783,-119.798352,18.2,3.2,0.0,15.6,90.49573584427112,1.5514421
2025-05-08,6005.0,38.443549,-120.653858,25.8,12.2,0.0,11.7,88.0,6.631822
2025-05-08,6007.0,39.665336,-121.603209,29.0,12.8,0.0,11.3,90.49573584427112,21.862705
2025-05-08,6009.0,38.191068,-120.554107,26.4,12.5,0.0,12.7,90.49573584427112,5.368063
2025-05-08,6011.0,39.177739,-122.237563,30.3,13.4,0.0,16.9,210.0,-9.261177
2025-05-08,6013.0,37.919479,-121.951543,27.7,8.6,0.0,14.9,90.49573584427112,2.9211903
2025-05-08,6015.0,41.749903,-123.980998,18.8,7.5,0.0,11.8,90.49573584427112,1.5562258
2025-05-08,6017.0,38.785612,-120.534225,22.9,9.4,0.0,13.6,66.0,-4.5226502
2025-05-08,6019.0,36.761006,-119.655019,32.1,19.2,0.0,11.5,90.49573584427112,8.276883
2025-05-08,6021.0,39.602546,-122.4017,28.8,12.8,0.0,9.9,90.49573584427112,-13.754065
2025-05-08,6023.0,40.706655,-123.926176,18.0,5.4,0.1,13.1,90.49573584427112,-0.9859262
2025-05-08,6025.0,33.040814,-115.3554,34.8,20.3,0.0,10.7,90.49573584427112,22.791088
2025-05-08,6027.0,36.56216,-117.404209,24.4,14.1,0.0,15.9,87.5,5.7782087
2025-05-08,6029.0,35.346629,-118.729506,30.2,15.9,0.0,13.0,90.49573584427112,32.26176
2025-05-08,6031.0,36.072478,-119.81553,33.8,16.0,0.0,14.4,95.0,46.002754
2025-05-08,6033.0,39.108009,-122.745217,25.4,10.8,0.0,12.5,90.49573584427112,8.642932
2025-05-08,6035.0,40.715287,-120.621223,19.8,2.7,0.0,18.5,90.49573584427112,4.560488
2025-05-08,6037.0,34.196398,-118.261862,27.7,15.7,0.0,13.4,90.49573584427112,29.927704
2025-05-08,6039.0,37.209821,-119.749802,28.3,15.7,0.0,12.1,90.49573584427112,38.204075
2025-05-08,6041.0,38.051367,-122.746396,23.8,8.9,0.0,15.6,90.49573584427112,1.9834079
2025-05-08,6043.0,37.574343,-119.911721,26.0,12.9,0.0,12.3,90.49573584427112,8.431065
2025-05-08,6045.0,39.432388,-123.442881,22.6,6.3,0.0,15.1,90.49573584427112,-4.999986
2025-05-08,6047.0,37.194806,-120.722802,33.7,13.3,0.0,14.5,106.0,64.859024
2025-05-08,6049.0,41.592918,-120.71837,21.5,6.0,0.0,24.2,90.49573584427112,-0.08029136
2025-05-08,6051.0,37.915836,-118.875167,18.1,4.9,0.0,19.4,90.49573584427112,-0.9086332
2025-05-08,6053.0,36.240104,-121.315578,29.4,12.2,0.0,18.3,89.0,46.76007
2025-05-08,6055.0,38.5071,-122.325904,27.5,9.4,0.0,14.2,90.49573584427112,15.478474
2025-05-08,6057.0,39.297508,-120.771343,22.5,8.6,0.0,15.0,90.49573584427112,-0.63816077
2025-05-08,6059.0,33.675687,-117.777207,25.4,15.9,0.0,15.7,92.33333333333331,20.090492
2025-05-08,6061.0,39.062032,-120.722718,24.9,10.6,0.0,12.8,66.66666666666667,17.449537
2025-05-08,6063.0,39.992295,-120.824371,20.5,3.0,0.0,17.3,148.0,2.4221365
2025-05-08,6065.0,33.729828,-116.002239,28.4,17.7,0.0,9.7,90.49573584427112,16.891792
2025-05-08,6067.0,38.450136,-121.344329,30.8,10.6,0.0,10.8,90.49573584427112,92.343285
2025-05-08,6069.0,36.611651,-121.085811,28.9,12.1,0.0,8.7,90.49573584427112,1.8637258
2025-05-08,6071.0,34.856661,-116.181571,32.2,20.8,0.0,17.4,90.49573584427112,49.782593
2025-05-08,6073.0,33.023604,-116.776117,26.9,14.3,0.0,15.5,110.0,-9.868365
2025-05-08,6075.0,37.727239,-123.032229,10.9,10.1,0.0,39.0,90.49573584427112,-1.3539649
2025-05-08,6077.0,37.934982,-121.272244,32.7,14.6,0.0,17.2,90.49573584427112,54.50431
2025-05-08,6079.0,35.388189,-120.448897,28.7,11.4,0.0,11.2,90.49573584427112,-2.9297047
2025-05-08,6081.0,37.414672,-122.371546,21.3,8.3,0.0,11.3,87.5,1.130303
2025-05-08,6083.0,34.536677,-120.038364,26.2,12.6,0.0,17.0,83.75,15.52918
2025-05-08,6085.0,37.221614,-121.68954,28.0,9.0,0.0,13.2,65.5,28.123898
2025-05-08,6087.0,37.012347,-122.007789,18.8,10.7,0.0,12.2,90.49573584427112,-2.1681
2025-05-08,6089.0,40.760514,-122.043556,26.9,12.7,0.0,12.0,90.49573584427112,-29.466421
2025-05-08,6091.0,39.576925,-120.521993,17.8,2.3,0.0,14.7,90.49573584427112,0.39514974
2025-05-08,6093.0,41.587986,-122.533287,26.2,7.2,0.0,17.2,90.49573584427112,-20.572878
2025-05-08,6095.0,38.267226,-121.939594,29.3,9.5,0.0,17.8,90.49573584427112,34.396942
2025-05-08,6097.0,38.525182,-122.92611,28.1,8.6,0.0,9.4,90.49573584427112,1.6089602
2025-05-08,6099.0,37.562316,-121.002831,33.5,12.1,0.0,21.3,90.49573584427112,80.37712
2025-05-08,6101.0,39.03619,-121.70394,30.5,11.6,0.0,11.2,65.5,-13.282222
2025-05-08,6103.0,40.126157,-122.232274,30.2,12.2,0.0,11.1,90.49573584427112,47.580093
2025-05-08,6105.0,40.647858,-123.114666,22.1,2.0,0.0,12.9,90.49573584427112,-7.1996803
2025-05-08,6107.0,36.228834,-118.781055,26.1,14.8,0.0,12.4,90.49573584427112,30.771574
2025-05-08,6109.0,38.021434,-119.964733,19.9,7.5,0.0,16.6,90.49573584427112,-0.48912498
2025-05-08,6111.0,34.358748,-119.133145,26.4,13.5,0.0,10.9,90.49573584427112,4.1890116
2025-05-08,6113.0,38.679609,-121.90275,30.3,12.3,0.0,12.4,90.49573584427112,34.056965
2025-05-08,6115.0,39.27013,-121.344259,27.7,12.9,0.0,10.5,90.49573584427112,3.4104788
2025-05-09,6001.0,37.647139,-121.912488,30.0,12.0,0.0,14.6,52.0,-22.144833
2025-05-09,6003.0,38.621783,-119.798352,21.9,6.5,0.1,13.2,90.49573584427112,-6.152565
2025-05-09,6005.0,38.443549,-120.653858,28.1,14.5,0.0,13.0,88.0,33.2318
2025-05-09,6007.0,39.665336,-121.603209,32.1,15.1,0.0,11.9,90.49573584427112,60.72039
2025-05-09,6009.0,38.191068,-120.554107,28.9,14.3,0.0,12.8,90.49573584427112,16.401817
2025-05-09,6011.0,39.177739,-122.237563,33.2,16.3,0.0,17.9,210.0,62.545216
2025-05-09,6013.0,37.919479,-121.951543,30.9,10.2,0.0,14.8,90.49573584427112,46.29139
2025-05-09,6015.0,41.749903,-123.980998,22.6,7.7,0.0,10.9,90.49573584427112,-5.205848
2025-05-09,6017.0,38.785612,-120.534225,25.2,11.5,0.0,14.5,66.0,10.954938
2025-05-09,6019.0,36.761006,-119.655019,35.2,21.0,0.0,10.2,90.49573584427112,15.9141865
2025-05-09,6021.0,39.602546,-122.4017,31.8,15.8,0.0,12.7,90.49573584427112,52.10976
2025-05-09,6023.0,40.706655,-123.926176,21.6,6.1,0.0,11.7,90.49573584427112,-4.2830877
2025-05-09,6025.0,33.040814,-115.3554,38.7,23.5,0.0,18.1,90.49573584427112,48.994152
2025-05-09,6027.0,36.56216,-117.404209,27.1,16.7,0.0,14.3,87.5,23.60033
2025-05-09,6029.0,35.346629,-118.729506,33.4,18.1,0.0,15.7,90.49573584427112,11.858587
2025-05-09,6031.0,36.072478,-119.81553,36.7,17.9,0.0,15.4,95.0,12.684641
2025-05-09,6033.0,39.108009,-122.745217,27.8,12.7,0.0,15.7,90.49573584427112,-10.480116
2025-05-09,6035.0,40.715287,-120.621223,21.9,4.1,0.0,18.9,90.49573584427112,-3.7776313
2025-05-09,6037.0,34.196398,-118.261862,30.9,19.6,0.0,13.2,90.49573584427112,-5.215445
2025-05-09,6039.0,37.209821,-119.749802,31.1,17.6,0.0,12.4,90.49573584427112,26.185125
2025-05-09,6041.0,38.051367,-122.746396,27.0,9.1,0.0,13.8,90.49573584427112,0.38413692
2025-05-09,6043.0,37.574343,-119.911721,28.6,15.1,0.0,13.5,90.49573584427112,36.529152
2025-05-09,6045.0,39.432388,-123.442881,25.5,8.3,0.0,14.4,90.49573584427112,-3.6944818
2025-05-09,6047.0,37.194806,-120.722802,36.8,15.0,0.0,17.7,106.0,25.254051
2025-05-09,6049.0,41.592918,-120.71837,24.9,8.4,0.0,19.6,90.49573584427112,1.9585111
2025-05-09,6051.0,37.915836,-118.875167,19.4,7.2,0.0,18.6,90.49573584427112,-0.98677284
2025-05-09,6053.0,36.240104,-121.315578,32.3,16.0,0.0,19.7,89.0,43.471966
2025-05-09,6055.0,38.5071,-122.325904,29.9,11.8,0.0,16.6,90.49573584427112,35.160984
2025-05-09,6057.0,39.297508,-120.771343,24.9,10.4,0.0,14.8,90.49573584427112,6.038679
2025-05-09,6059.0,33.675687,-117.777207,28.5,17.8,0.0,16.3,92.33333333333331,22.638214
2025-05-09,6061.0,39.062032,-120.722718,27.0,12.2,0.0,13.2,66.66666666666667,10.3527775
2025-05-09,6063.0,39.992295,-120.824371,23.5,5.2,0.0,19.9,148.0,4.4322147
2025-05-09,6065.0,33.729828,-116.002239,32.2,21.1,0.0,11.7,90.49573584427112,30.829063
2025-05-09,6067.0,38.450136,-121.344329,33.0,13.8,0.0,10.0,90.49573584427112,19.531994
2025-05-09,6069.0,36.611651,-121.085811,31.6,15.2,0.0,11.1,90.49573584427112,50.409424
2025-05-09,6071.0,34.856661,-116.181571,36.5,24.0,0.0,15.3,90.49573584427112,40.212753
2025-05-09,6073.0,33.023604,-116.776117,30.7,16.2,0.0,19.8,110.0,3.6522617
2025-05-09,6075.0,37.727239,-123.032229,10.9,10.1,0.0,36.9,90.49573584427112,-1.7159761
2025-05-09,6077.0,37.934982,-121.272244,35.1,15.6,0.0,19.0,90.49573584427112,70.15343
2025-05-09,6079.0,35.388189,-120.448897,31.4,15.0,0.0,18.6,90.49573584427112,37.95019
2025-05-09,6081.0,37.414672,-122.371546,25.1,7.3,0.0,10.4,87.5,9.524069
2025-05-09,6083.0,34.536677,-120.038364,29.5,16.7,0.0,20.2,83.75,27.17037
2025-05-09,6085.0,37.221614,-121.68954,31.0,12.2,0.0,14.5,65.5,-2.8077283
2025-05-09,6087.0,37.012347,-122.007789,21.9,12.7,0.0,12.1,90.49573584427112,-6.9223323
2025-05-09,6089.0,40.760514,-122.043556,29.8,15.6,0.0,12.5,90.49573584427112,9.127618
2025-05-09,6091.0,39.576925,-120.521993,20.4,5.8,0.0,14.5,90.49573584427112,-2.241877
2025-05-09,6093.0,41.587986,-122.533287,27.4,8.5,0.0,15.0,90.49573584427112,-8.04542
2025-05-09,6095.0,38.267226,-121.939594,32.5,11.1,0.0,17.7,90.49573584427112,120.21348
2025-05-09,6097.0,38.525182,-122.92611,29.7,9.1,0.0,10.7,90.49573584427112,11.764046
2025-05-09,6099.0,37.562316,-121.002831,36.1,13.4,0.0,23.0,90.49573584427112,96.25457
2025-05-09,6101.0,39.03619,-121.70394,33.0,14.8,0.0,12.8,65.5,47.506493
2025-05-09,6103.0,40.126157,-122.232274,33.7,14.8,0.0,13.1,90.49573584427112,108.728905
2025-05-09,6105.0,40.647858,-123.114666,26.0,5.9,0.0,16.1,90.49573584427112,-7.329706
2025-05-09,6107.0,36.228834,-118.781055,29.5,17.0,0.0,12.5,90.49573584427112,25.312975
2025-05-09,6109.0,38.021434,-119.964733,22.2,10.4,0.0,18.5,90.49573584427112,8.348793
2025-05-09,6111.0,34.358748,-119.133145,30.9,18.1,0.0,11.3,90.49573584427112,6.076189
2025-05-09,6113.0,38.679609,-121.90275,32.6,14.6,0.0,14.1,90.49573584427112,59.835033
2025-05-09,6115.0,39.27013,-121.344259,30.1,14.1,0.0,11.1,90.49573584427112,27.77978
2025-05-10,6001.0,37.647139,-121.912488,26.2,12.3,0.0,14.0,52.0,-2.1952856
2025-05-10,6003.0,38.621783,-119.798352,18.9,6.9,0.0,23.2,90.49573584427112,1.8628036
2025-05-10,6005.0,38.443549,-120.653858,27.9,14.0,0.0,13.5,88.0,15.201908
2025-05-10,6007.0,39.665336,-121.603209,31.0,16.6,0.0,13.6,90.49573584427112,30.944674
2025-05-10,6009.0,38.191068,-120.554107,28.5,14.5,0.0,14.6,90.49573584427112,6.2903347
2025-05-10,6011.0,39.177739,-122.237563,33.4,16.5,0.0,24.8,210.0,82.40705
2025-05-10,6013.0,37.919479,-121.951543,27.1,9.5,0.0,16.6,90.49573584427112,6.5038905
2025-05-10,6015.0,41.749903,-123.980998,19.0,7.5,0.0,11.6,90.49573584427112,3.128232
2025-05-10,6017.0,38.785612,-120.534225,25.0,11.6,0.0,14.8,66.0,10.494988
2025-05-10,6019.0,36.761006,-119.655019,36.4,22.1,0.0,27.3,90.49573584427112,28.571178
2025-05-10,6021.0,39.602546,-122.4017,31.0,16.0,0.0,17.3,90.49573584427112,25.511988
2025-05-10,6023.0,40.706655,-123.926176,18.4,5.7,0.0,13.4,90.49573584427112,-3.7709727
2025-05-10,6025.0,33.040814,-115.3554,42.7,25.6,0.0,15.8,90.49573584427112,51.36811
2025-05-10,6027.0,36.56216,-117.404209,29.0,19.1,0.0,33.8,87.5,18.068325
2025-05-10,6029.0,35.346629,-118.729506,35.0,19.0,0.0,11.5,90.49573584427112,51.072144
2025-05-10,6031.0,36.072478,-119.81553,38.6,18.6,0.0,24.7,95.0,37.490894
2025-05-10,6033.0,39.108009,-122.745217,25.7,9.1,0.0,13.8,90.49573584427112,-1.666726
2025-05-10,6035.0,40.715287,-120.621223,20.5,6.0,0.0,27.4,90.49573584427112,0.39959693
2025-05-10,6037.0,34.196398,-118.261862,32.7,21.3,0.0,13.6,90.49573584427112,0.48451903
2025-05-10,6039.0,37.209821,-119.749802,32.4,19.2,0.0,15.6,90.49573584427112,17.263592
2025-05-10,6041.0,38.051367,-122.746396,23.3,8.3,0.0,19.0,90.49573584427112,-3.4354374
2025-05-10,6043.0,37.574343,-119.911721,29.9,16.6,0.0,14.9,90.49573584427112,10.637562
2025-05-10,6045.0,39.432388,-123.442881,22.3,5.4,0.0,16.6,90.49573584427112,-5.435668
2025-05-10,6047.0,37.194806,-120.722802,37.4,17.1,0.0,22.0,106.0,15.3572235
2025-05-10,6049.0,41.592918,-120.71837,22.6,10.1,0.0,29.0,90.49573584427112,8.392072
2025-05-10,6051.0,37.915836,-118.875167,19.3,7.9,0.0,29.0,90.49573584427112,0.7544711
2025-05-10,6053.0,36.240104,-121.315578,30.4,14.5,0.0,22.9,89.0,40.64366
2025-05-10,6055.0,38.5071,-122.325904,28.9,10.1,0.0,20.4,90.49573584427112,34.25925
2025-05-10,6057.0,39.297508,-120.771343,23.7,10.4,0.0,17.6,90.49573584427112,2.9908986
2025-05-10,6059.0,33.675687,-117.777207,29.5,18.7,0.0,14.9,92.33333333333331,7.6778693
2025-05-10,6061.0,39.062032,-120.722718,26.5,12.7,0.0,14.6,66.66666666666667,12.040069
2025-05-10,6063.0,39.992295,-120.824371,20.9,5.9,0.0,22.7,148.0,-1.6154733
2025-05-10,6065.0,33.729828,-116.002239,35.4,24.2,0.0,18.7,90.49573584427112,15.550591
2025-05-10,6067.0,38.450136,-121.344329,33.6,13.5,0.0,17.3,90.49573584427112,107.29177
2025-05-10,6069.0,36.611651,-121.085811,31.9,13.8,0.0,13.4,90.49573584427112,51.02239
2025-05-10,6071.0,34.856661,-116.181571,38.6,25.5,0.0,17.9,90.49573584427112,81.72177
2025-05-10,6073.0,33.023604,-116.776117,30.5,17.4,0.0,18.1,110.0,-3.3655772
2025-05-10,6075.0,37.727239,-123.032229,11.4,10.2,0.0,52.1,90.49573584427112,-0.7123285
2025-05-10,6077.0,37.934982,-121.272244,34.9,17.6,0.0,26.8,90.49573584427112,71.470795
2025-05-10,6079.0,35.388189,-120.448897,32.7,15.7,0.0,17.1,90.49573584427112,30.168268
2025-05-10,6081.0,37.414672,-122.371546,19.2,7.4,0.0,14.3,87.5,-0.8865421
2025-05-10,6083.0,34.536677,-120.038364,31.1,17.4,0.0,14.8,83.75,24.513256
2025-05-10,6085.0,37.221614,-121.68954,30.2,10.7,0.0,14.8,65.5,26.497278
2025-05-10,6087.0,37.012347,-122.007789,21.5,12.6,0.0,10.9,90.49573584427112,-2.7101665
2025-05-10,6089.0,40.760514,-122.043556,29.0,16.4,0.0,15.3,90.49573584427112,18.902752
2025-05-10,6091.0,39.576925,-120.521993,18.3,5.2,0.0,23.6,90.49573584427112,-0.19036181
2025-05-10,6093.0,41.587986,-122.533287,26.2,11.1,0.0,17.9,90.49573584427112,-9.054203
2025-05-10,6095.0,38.267226,-121.939594,29.0,10.7,0.0,21.1,90.49573584427112,51.28959
2025-05-10,6097.0,38.525182,-122.92611,27.6,8.3,0.0,16.3,90.49573584427112,1.5082414
2025-05-10,6099.0,37.562316,-121.002831,36.0,15.6,0.0,26.4,90.49573584427112,78.646385
2025-05-10,6101.0,39.03619,-121.70394,33.5,15.1,0.0,17.3,65.5,45.904316
2025-05-10,6103.0,40.126157,-122.232274,32.6,15.3,0.0,15.1,90.49573584427112,75.914444
2025-05-10,6105.0,40.647858,-123.114666,21.8,4.7,0.0,18.1,90.49573584427112,-2.3944778
2025-05-10,6107.0,36.228834,-118.781055,31.9,18.7,0.0,12.7,90.49573584427112,12.366933
2025-05-10,6109.0,38.021434,-119.964733,22.2,11.0,0.0,18.1,90.49573584427112,15.4482565
2025-05-10,6111.0,34.358748,-119.133145,30.0,20.0,0.0,12.1,90.49573584427112,8.820279
2025-05-10,6113.0,38.679609,-121.90275,33.3,15.4,0.0,22.6,90.49573584427112,95.75857
2025-05-10,6115.0,39.27013,-121.344259,29.6,16.1,0.0,11.6,90.49573584427112,33.220715
2025-05-11,6001.0,37.647139,-121.912488,18.5,10.3,0.0,23.1,52.0,5.729815
2025-05-11,6003.0,38.621783,-119.798352,13.5,4.0,0.0,40.0,90.49573584427112,-0.70913917
2025-05-11,6005.0,38.443549,-120.653858,20.9,6.9,0.0,17.4,88.0,10.9711485
2025-05-11,6007.0,39.665336,-121.603209,25.7,11.4,0.0,26.3,90.49573584427112,11.986839
2025-05-11,6009.0,38.191068,-120.554107,22.2,7.6,0.0,17.0,90.49573584427112,2.288551
2025-05-11,6011.0,39.177739,-122.237563,25.0,13.4,0.0,32.2,210.0,-4.7692695
2025-05-11,6013.0,37.919479,-121.951543,18.5,7.3,0.0,21.5,90.49573584427112,-1.1024326
2025-05-11,6015.0,41.749903,-123.980998,13.3,4.6,0.3,15.5,90.49573584427112,-1.1100283
2025-05-11,6017.0,38.785612,-120.534225,17.4,5.0,0.0,18.3,66.0,-0.40966552
2025-05-11,6019.0,36.761006,-119.655019,31.0,19.5,0.0,28.3,90.49573584427112,1.413039
2025-05-11,6021.0,39.602546,-122.4017,26.1,10.6,0.0,19.4,90.49573584427112,7.782447
2025-05-11,6023.0,40.706655,-123.926176,12.8,3.1,0.0,14.4,90.49573584427112,-2.7731376
2025-05-11,6025.0,33.040814,-115.3554,41.1,25.3,0.0,24.9,90.49573584427112,45.08862
2025-05-11,6027.0,36.56216,-117.404209,27.8,18.9,0.0,45.9,87.5,36.473972
2025-05-11,6029.0,35.346629,-118.729506,29.7,17.3,0.0,20.3,90.49573584427112,19.805063
2025-05-11,6031.0,36.072478,-119.81553,32.7,17.8,0.0,27.2,95.0,7.176584
2025-05-11,6033.0,39.108009,-122.745217,16.9,3.2,0.0,21.3,90.49573584427112,1.3003759
2025-05-11,6035.0,40.715287,-120.621223,13.5,1.2,0.0,39.5,90.49573584427112,-0.9271586
2025-05-11,6037.0,34.196398,-118.261862,27.5,17.8,0.0,14.5,90.49573584427112,-2.4123154
2025-05-11,6039.0,37.209821,-119.749802,26.6,15.0,0.0,17.6,90.49573584427112,25.1987
2025-05-11,6041.0,38.051367,-122.746396,17.1,8.5,0.0,20.2,90.49573584427112,1.692431
2025-05-11,6043.0,37.574343,-119.911721,24.0,12.6,0.0,15.1,90.49573584427112,3.4986858
2025-05-11,6045.0,39.432388,-123.442881,16.3,4.1,0.0,18.4,90.49573584427112,1.6048789
2025-05-11,6047.0,37.194806,-120.722802,30.3,12.6,0.0,25.2,106.0,-0.0070691556
2025-05-11,6049.0,41.592918,-120.71837,15.1,5.8,0.0,44.7,90.49573584427112,-1.7702402
2025-05-11,6051.0,37.915836,-118.875167,15.0,4.2,0.0,34.0,90.49573584427112,-0.024988033
2025-05-11,6053.0,36.240104,-121.315578,24.2,8.8,0.0,27.8,89.0,7.002474
2025-05-11,6055.0,38.5071,-122.325904,20.3,5.6,0.0,24.7,90.49573584427112,-3.7303283
2025-05-11,6057.0,39.297508,-120.771343,16.1,2.9,0.0,26.3,90.49573584427112,2.6820817
2025-05-11,6059.0,33.675687,-117.777207,22.9,17.2,0.0,17.3,92.33333333333331,2.6477237
2025-05-11,6061.0,39.062032,-120.722718,18.8,5.9,0.0,20.1,66.66666666666667,-4.9674916
2025-05-11,6063.0,39.992295,-120.824371,13.4,0.7,0.0,31.6,148.0,-0.78110087
2025-05-11,6065.0,33.729828,-116.002239,32.1,23.6,0.0,18.6,90.49573584427112,35.909027
2025-05-11,6067.0,38.450136,-121.344329,25.4,12.3,0.0,21.0,90.49573584427112,-4.3227363
2025-05-11,6069.0,36.611651,-121.085811,24.5,7.4,0.0,17.3,90.49573584427112,10.244537
2025-05-11,6071.0,34.856661,-116.181571,37.9,26.1,0.0,35.3,90.49573584427112,90.08282
2025-05-11,6073.0,33.023604,-116.776117,26.8,14.2,0.0,15.4,110.0,-4.22026
2025-05-11,6075.0,37.727239,-123.032229,11.6,10.6,0.0,44.5,90.49573584427112,-4.171644
2025-05-11,6077.0,37.934982,-121.272244,25.6,13.1,0.0,26.7,90.49573584427112,13.813577
2025-05-11,6079.0,35.388189,-120.448897,26.5,11.2,0.0,16.6,90.49573584427112,26.710575
2025-05-11,6081.0,37.414672,-122.371546,16.6,7.8,0.0,12.3,87.5,0.06663244
2025-05-11,6083.0,34.536677,-120.038364,26.8,11.7,0.0,27.9,83.75,24.858421
2025-05-11,6085.0,37.221614,-121.68954,23.3,7.3,0.0,18.1,65.5,9.230089
2025-05-11,6087.0,37.012347,-122.007789,19.5,10.9,0.0,29.7,90.49573584427112,-0.2913167
2025-05-11,6089.0,40.760514,-122.043556,21.9,9.9,0.0,26.6,90.49573584427112,-17.99506
2025-05-11,6091.0,39.576925,-120.521993,11.3,-0.1,0.0,38.0,90.49573584427112,-0.40679547
2025-05-11,6093.0,41.587986,-122.533287,19.2,7.5,0.0,39.5,90.49573584427112,1.842617
2025-05-11,6095.0,38.267226,-121.939594,22.8,10.2,0.0,26.3,90.49573584427112,9.963325
2025-05-11,6097.0,38.525182,-122.92611,17.6,5.3,0.0,21.0,90.49573584427112,-0.03470309
2025-05-11,6099.0,37.562316,-121.002831,28.5,11.2,0.0,31.0,90.49573584427112,5.218447
2025-05-11,6101.0,39.03619,-121.70394,26.3,11.7,0.0,28.7,65.5,-6.890742
2025-05-11,6103.0,40.126157,-122.232274,27.2,12.0,0.0,32.8,90.49573584427112,-0.76032215
2025-05-11,6105.0,40.647858,-123.114666,13.0,-1.4,0.0,20.6,90.49573584427112,2.5143406
2025-05-11,6107.0,36.228834,-118.781055,25.9,15.6,0.0,12.3,90.49573584427112,17.67667
2025-05-11,6109.0,38.021434,-119.964733,16.2,6.3,0.0,21.5,90.49573584427112,1.7114393
2025-05-11,6111.0,34.358748,-119.133145,21.8,14.6,0.0,10.8,90.49573584427112,10.951591
2025-05-11,6113.0,38.679609,-121.90275,25.4,10.5,0.0,31.9,90.49573584427112,-1.7259959
2025-05-11,6115.0,39.27013,-121.344259,23.7,9.6,0.0,23.3,90.49573584427112,1.2529793
2025-05-12,6001.0,37.647139,-121.912488,20.0,8.8,0.0,26.3,52.0,1.762529
2025-05-12,6003.0,38.621783,-119.798352,11.8,1.4,0.0,38.2,90.49573584427112,-1.7091739
2025-05-12,6005.0,38.443549,-120.653858,18.4,5.3,0.0,22.0,88.0,8.2137165
2025-05-12,6007.0,39.665336,-121.603209,18.0,7.9,0.0,24.5,90.49573584427112,-1.7695949
2025-05-12,6009.0,38.191068,-120.554107,20.1,5.5,0.0,15.0,90.49573584427112,-0.57316226
2025-05-12,6011.0,39.177739,-122.237563,19.0,8.1,0.0,30.4,210.0,4.1977344
2025-05-12,6013.0,37.919479,-121.951543,18.6,6.1,0.0,26.9,90.49573584427112,-2.8913858
2025-05-12,6015.0,41.749903,-123.980998,7.4,5.4,9.3,9.8,90.49573584427112,-4.5274477
2025-05-12,6017.0,38.785612,-120.534225,14.3,3.4,0.3,21.0,66.0,-3.712695
2025-05-12,6019.0,36.761006,-119.655019,27.3,14.5,0.0,26.3,90.49573584427112,7.445784
2025-05-12,6021.0,39.602546,-122.4017,17.7,6.6,0.0,16.2,90.49573584427112,-2.7144363
2025-05-12,6023.0,40.706655,-123.926176,5.9,3.9,5.7,12.7,90.49573584427112,-1.469232
2025-05-12,6025.0,33.040814,-115.3554,36.2,20.6,0.0,34.4,90.49573584427112,37.754772
2025-05-12,6027.0,36.56216,-117.404209,25.1,13.7,0.0,47.8,87.5,17.989618
2025-05-12,6029.0,35.346629,-118.729506,26.0,12.6,0.0,22.9,90.49573584427112,-13.372747
2025-05-12,6031.0,36.072478,-119.81553,28.8,12.6,0.0,35.6,95.0,7.9479933
2025-05-12,6033.0,39.108009,-122.745217,7.8,2.0,0.9,12.3,90.49573584427112,-0.44500127
2025-05-12,6035.0,40.715287,-120.621223,10.5,-3.1,0.6,36.5,90.49573584427112,0.76866627
2025-05-12,6037.0,34.196398,-118.261862,22.3,12.9,0.0,14.8,90.49573584427112,-12.617143
2025-05-12,6039.0,37.209821,-119.749802,23.2,10.3,0.0,15.6,90.49573584427112,2.3156264
2025-05-12,6041.0,38.051367,-122.746396,14.9,6.7,0.3,19.5,90.49573584427112,-0.06797084
2025-05-12,6043.0,37.574343,-119.911721,20.4,7.8,0.0,15.0,90.49573584427112,-3.2900684
2025-05-12,6045.0,39.432388,-123.442881,10.4,5.2,1.2,15.4,90.49573584427112,-2.209397
2025-05-12,6047.0,37.194806,-120.722802,26.3,8.7,0.0,33.3,106.0,25.927824
2025-05-12,6049.0,41.592918,-120.71837,11.7,1.3,0.6,40.6,90.49573584427112,-2.2844667
2025-05-12,6051.0,37.915836,-118.875167,13.9,1.7,0.0,33.2,90.49573584427112,-3.2010055
2025-05-12,6053.0,36.240104,-121.315578,21.7,6.9,0.0,19.6,89.0,5.127039
2025-05-12,6055.0,38.5071,-122.325904,13.1,3.9,0.0,21.7,90.49573584427112,-0.8829104
2025-05-12,6057.0,39.297508,-120.771343,12.6,1.2,2.1,25.5,90.49573584427112,-1.1061531
2025-05-12,6059.0,33.675687,-117.777207,20.4,15.5,0.0,21.7,92.33333333333331,14.007316
2025-05-12,6061.0,39.062032,-120.722718,15.5,4.3,1.2,19.4,66.66666666666667,-3.9040058
2025-05-12,6063.0,39.992295,-120.824371,9.7,-4.0,0.9,29.8,148.0,1.7192768
2025-05-12,6065.0,33.729828,-116.002239,28.2,18.4,0.0,20.1,90.49573584427112,-10.723677
2025-05-12,6067.0,38.450136,-121.344329,23.6,8.0,0.0,23.6,90.49573584427112,-2.128771
2025-05-12,6069.0,36.611651,-121.085811,20.0,5.2,0.0,22.1,90.49573584427112,7.217176
2025-05-12,6071.0,34.856661,-116.181571,33.8,21.8,0.0,25.5,90.49573584427112,60.086018
2025-05-12,6073.0,33.023604,-116.776117,20.3,9.1,0.0,17.6,110.0,-4.894102
2025-05-12,6075.0,37.727239,-123.032229,11.6,10.9,0.0,24.0,90.49573584427112,-5.232072
2025-05-12,6077.0,37.934982,-121.272244,24.7,10.7,0.0,32.4,90.49573584427112,19.938805
2025-05-12,6079.0,35.388189,-120.448897,21.5,6.6,0.0,21.6,90.49573584427112,-6.403137
2025-05-12,6081.0,37.414672,-122.371546,15.9,6.8,0.0,22.5,87.5,0.8096674
2025-05-12,6083.0,34.536677,-120.038364,21.4,7.5,0.0,19.3,83.75,-1.5822624
2025-05-12,6085.0,37.221614,-121.68954,19.0,5.7,0.0,21.0,65.5,3.8595107
2025-05-12,6087.0,37.012347,-122.007789,15.0,9.7,0.0,17.6,90.49573584427112,0.21323045
2025-05-12,6089.0,40.760514,-122.043556,12.6,4.9,1.8,28.6,90.49573584427112,6.765271
2025-05-12,6091.0,39.576925,-120.521993,8.8,-1.8,0.6,37.7,90.49573584427112,2.5928454
2025-05-12,6093.0,41.587986,-122.533287,14.1,4.1,0.3,29.1,90.49573584427112,-3.329148
2025-05-12,6095.0,38.267226,-121.939594,19.5,6.8,0.0,27.5,90.49573584427112,2.664854
2025-05-12,6097.0,38.525182,-122.92611,13.5,3.5,0.3,19.9,90.49573584427112,-0.44579288
2025-05-12,6099.0,37.562316,-121.002831,27.5,7.7,0.0,18.3,90.49573584427112,44.220345
2025-05-12,6101.0,39.03619,-121.70394,20.1,7.8,0.0,33.7,65.5,-4.700209
2025-05-12,6103.0,40.126157,-122.232274,19.6,7.7,0.0,26.8,90.49573584427112,2.640555
2025-05-12,6105.0,40.647858,-123.114666,1.5,-2.1,2.4,7.3,90.49573584427112,2.708934
2025-05-12,6107.0,36.228834,-118.781055,22.5,9.6,0.0,9.5,90.49573584427112,-6.4334087
2025-05-12,6109.0,38.021434,-119.964733,13.4,2.4,0.0,24.7,90.49573584427112,-2.3639815
2025-05-12,6111.0,34.358748,-119.133145,19.5,12.8,0.0,13.3,90.49573584427112,6.74581
2025-05-12,6113.0,38.679609,-121.90275,19.6,7.4,0.0,32.1,90.49573584427112,0.33139724
2025-05-12,6115.0,39.27013,-121.344259,20.3,7.2,0.3,21.4,90.49573584427112,-0.060038384
2025-05-13,6001.0,37.647139,-121.912488,17.1,8.4,0.0,23.0,52.0,3.612896
2025-05-13,6003.0,38.621783,-119.798352,1.7,-4.7,2.7,22.1,90.49573584427112,2.5802872
2025-05-13,6005.0,38.443549,-120.653858,13.8,6.1,0.6,14.5,88.0,7.533216
2025-05-13,6007.0,39.665336,-121.603209,16.8,6.2,1.8,16.2,90.49573584427112,-1.40826
2025-05-13,6009.0,38.191068,-120.554107,12.8,6.6,1.8,11.6,90.49573584427112,-3.56058
2025-05-13,6011.0,39.177739,-122.237563,19.0,6.3,0.0,30.0,210.0,-5.0258265
2025-05-13,6013.0,37.919479,-121.951543,16.1,5.2,0.0,23.3,90.49573584427112,0.2931399
2025-05-13,6015.0,41.749903,-123.980998,7.7,5.4,6.6,6.5,90.49573584427112,-4.687398
2025-05-13,6017.0,38.785612,-120.534225,9.9,2.2,3.6,15.3,66.0,-0.10805531
2025-05-13,6019.0,36.761006,-119.655019,17.5,11.9,4.8,21.7,90.49573584427112,-8.0743
2025-05-13,6021.0,39.602546,-122.4017,18.0,4.4,1.2,14.1,90.49573584427112,-3.1217566
2025-05-13,6023.0,40.706655,-123.926176,6.1,3.6,2.7,11.7,90.49573584427112,-0.7216872
2025-05-13,6025.0,33.040814,-115.3554,29.6,16.6,0.0,35.5,90.49573584427112,-4.0238457
2025-05-13,6027.0,36.56216,-117.404209,18.1,8.6,0.0,65.7,87.5,-0.4471499
2025-05-13,6029.0,35.346629,-118.729506,16.3,9.5,0.6,18.7,90.49573584427112,-5.839033
2025-05-13,6031.0,36.072478,-119.81553,18.8,12.4,1.5,22.6,95.0,-6.003271
2025-05-13,6033.0,39.108009,-122.745217,8.1,2.2,0.6,14.6,90.49573584427112,0.45931926
2025-05-13,6035.0,40.715287,-120.621223,6.8,-3.8,0.3,25.0,90.49573584427112,0.07227214
2025-05-13,6037.0,34.196398,-118.261862,13.9,8.9,0.0,17.7,90.49573584427112,-2.5328577
2025-05-13,6039.0,37.209821,-119.749802,14.8,7.5,3.0,6.7,90.49573584427112,-0.29308864
2025-05-13,6041.0,38.051367,-122.746396,14.8,6.6,0.3,20.3,90.49573584427112,-1.1105924
2025-05-13,6043.0,37.574343,-119.911721,9.3,5.1,4.2,7.3,90.49573584427112,-2.5410776
2025-05-13,6045.0,39.432388,-123.442881,11.7,4.8,1.2,13.4,90.49573584427112,-1.2768604
2025-05-13,6047.0,37.194806,-120.722802,18.0,9.6,0.3,17.3,106.0,3.576403
2025-05-13,6049.0,41.592918,-120.71837,10.2,0.2,0.3,34.8,90.49573584427112,-1.8560954
2025-05-13,6051.0,37.915836,-118.875167,6.4,-2.8,0.0,29.5,90.49573584427112,-0.30900973
2025-05-13,6053.0,36.240104,-121.315578,16.4,6.9,1.2,17.8,89.0,7.527638
2025-05-13,6055.0,38.5071,-122.325904,14.4,3.3,0.3,19.5,90.49573584427112,-0.12916028
2025-05-13,6057.0,39.297508,-120.771343,7.7,1.4,4.2,16.6,90.49573584427112,-0.8317193
2025-05-13,6059.0,33.675687,-117.777207,19.6,15.1,0.0,21.4,92.33333333333331,-4.523259
2025-05-13,6061.0,39.062032,-120.722718,12.1,4.1,4.2,16.9,66.66666666666667,-3.2457552
2025-05-13,6063.0,39.992295,-120.824371,4.9,-4.8,3.6,20.9,148.0,1.2950548
2025-05-13,6065.0,33.729828,-116.002239,21.1,12.3,0.0,28.6,90.49573584427112,-14.318373
2025-05-13,6067.0,38.450136,-121.344329,19.3,9.7,0.0,19.1,90.49573584427112,2.7068007
2025-05-13,6069.0,36.611651,-121.085811,14.1,3.6,1.8,18.2,90.49573584427112,2.8378737
2025-05-13,6071.0,34.856661,-116.181571,26.2,16.6,0.0,37.8,90.49573584427112,21.892134
2025-05-13,6073.0,33.023604,-116.776117,16.5,8.4,0.3,24.0,110.0,-6.634517
2025-05-13,6075.0,37.727239,-123.032229,11.6,10.4,0.3,27.2,90.49573584427112,-1.002925
2025-05-13,6077.0,37.934982,-121.272244,20.2,11.5,0.0,21.9,90.49573584427112,0.9738149
2025-05-13,6079.0,35.388189,-120.448897,14.5,5.2,0.3,23.8,90.49573584427112,-1.4127312
2025-05-13,6081.0,37.414672,-122.371546,14.3,6.4,0.0,19.7,87.5,-1.5526702
2025-05-13,6083.0,34.536677,-120.038364,13.1,4.6,0.9,18.4,83.75,6.4462113
2025-05-13,6085.0,37.221614,-121.68954,16.2,5.9,0.3,19.2,65.5,3.5199187
2025-05-13,6087.0,37.012347,-122.007789,14.5,9.9,0.0,24.2,90.49573584427112,-0.3056099
2025-05-13,6089.0,40.760514,-122.043556,12.1,4.0,1.2,14.4,90.49573584427112,6.42968
2025-05-13,6091.0,39.576925,-120.521993,1.2,-3.3,3.9,18.9,90.49573584427112,0.78440875
2025-05-13,6093.0,41.587986,-122.533287,12.2,1.9,2.4,13.3,90.49573584427112,-0.73328805
2025-05-13,6095.0,38.267226,-121.939594,18.6,5.9,0.0,21.8,90.49573584427112,0.0021080393
2025-05-13,6097.0,38.525182,-122.92611,13.2,3.4,0.6,18.6,90.49573584427112,-0.3469902
2025-05-13,6099.0,37.562316,-121.002831,18.6,9.1,1.5,20.0,90.49573584427112,1.5875863
2025-05-13,6101.0,39.03619,-121.70394,18.7,6.5,0.0,23.5,65.5,-6.036352
2025-05-13,6103.0,40.126157,-122.232274,16.9,4.7,0.9,20.2,90.49573584427112,-3.1617663
2025-05-13,6105.0,40.647858,-123.114666,1.3,-2.5,0.6,6.5,90.49573584427112,2.5874677
2025-05-13,6107.0,36.228834,-118.781055,13.1,6.5,1.8,10.0,90.49573584427112,0.39437175
2025-05-13,6109.0,38.021434,-119.964733,2.3,-0.6,9.6,11.5,90.49573584427112,-1.3762871
2025-05-13,6111.0,34.358748,-119.133145,17.0,9.4,0.0,20.9,90.49573584427112,-2.8242662
2025-05-13,6113.0,38.679609,-121.90275,18.7,6.4,0.0,24.9,90.49573584427112,-1.6010102
2025-05-13,6115.0,39.27013,-121.344259,15.8,6.2,0.6,12.1,90.49573584427112,1.1422197
2025-05-14,6001.0,37.647139,-121.912488,17.0,8.8,0.0,17.7,52.0,-2.0207076
2025-05-14,6003.0,38.621783,-119.798352,3.4,-6.7,0.0,17.8,90.49573584427112,1.6655421
2025-05-14,6005.0,38.443549,-120.653858,15.6,4.3,0.0,14.6,88.0,-0.08486566
2025-05-14,6007.0,39.665336,-121.603209,18.7,8.0,1.2,9.8,90.49573584427112,-6.4075117
2025-05-14,6009.0,38.191068,-120.554107,16.2,4.3,0.0,13.6,90.49573584427112,-2.1378317
2025-05-14,6011.0,39.177739,-122.237563,19.9,6.8,0.0,17.4,210.0,3.9948144
2025-05-14,6013.0,37.919479,-121.951543,16.5,6.6,0.0,18.2,90.49573584427112,-4.103616
2025-05-14,6015.0,41.749903,-123.980998,10.9,5.1,0.9,9.7,90.49573584427112,-3.2424533
2025-05-14,6017.0,38.785612,-120.534225,9.5,2.1,0.9,9.6,66.0,-0.080825865
2025-05-14,6019.0,36.761006,-119.655019,22.4,10.5,0.3,17.7,90.49573584427112,-0.6365959
2025-05-14,6021.0,39.602546,-122.4017,17.0,5.2,0.0,11.4,90.49573584427112,-1.2927408
2025-05-14,6023.0,40.706655,-123.926176,9.8,2.8,0.3,6.9,90.49573584427112,-1.6004943
2025-05-14,6025.0,33.040814,-115.3554,28.3,15.1,0.0,26.7,90.49573584427112,-8.385406
2025-05-14,6027.0,36.56216,-117.404209,14.5,4.7,0.9,17.3,87.5,-2.4216096
2025-05-14,6029.0,35.346629,-118.729506,19.9,8.1,0.0,20.5,90.49573584427112,-5.2867513
2025-05-14,6031.0,36.072478,-119.81553,23.5,9.0,0.0,17.2,95.0,0.15721692
2025-05-14,6033.0,39.108009,-122.745217,14.1,3.3,0.0,11.0,90.49573584427112,-2.788886
2025-05-14,6035.0,40.715287,-120.621223,6.8,-6.4,0.0,17.0,90.49573584427112,-0.6966101
2025-05-14,6037.0,34.196398,-118.261862,19.3,7.0,0.0,16.1,90.49573584427112,-6.647503
2025-05-14,6039.0,37.209821,-119.749802,18.6,5.0,0.0,14.5,90.49573584427112,-5.0716677
2025-05-14,6041.0,38.051367,-122.746396,15.7,7.3,0.0,18.7,90.49573584427112,-0.33106536
2025-05-14,6043.0,37.574343,-119.911721,15.0,2.6,0.0,10.6,90.49573584427112,-4.9117274
2025-05-14,6045.0,39.432388,-123.442881,14.5,4.3,0.0,17.1,90.49573584427112,-0.7817745
2025-05-14,6047.0,37.194806,-120.722802,23.4,7.4,0.0,20.0,106.0,-3.7378654
2025-05-14,6049.0,41.592918,-120.71837,9.0,-0.2,0.3,23.5,90.49573584427112,-0.2082119
2025-05-14,6051.0,37.915836,-118.875167,8.9,-4.1,0.0,13.2,90.49573584427112,-1.7450612
2025-05-14,6053.0,36.240104,-121.315578,18.5,5.0,0.0,25.9,89.0,5.400131
2025-05-14,6055.0,38.5071,-122.325904,17.2,3.6,0.0,21.1,90.49573584427112,-0.17749038
2025-05-14,6057.0,39.297508,-120.771343,7.3,1.4,1.5,11.5,90.49573584427112,-2.0977275
2025-05-14,6059.0,33.675687,-117.777207,20.2,13.9,0.0,19.2,92.33333333333331,-1.3279666
2025-05-14,6061.0,39.062032,-120.722718,10.5,3.5,1.5,9.6,66.66666666666667,-2.939255
2025-05-14,6063.0,39.992295,-120.824371,2.1,-6.4,6.3,8.7,148.0,1.2243179
2025-05-14,6065.0,33.729828,-116.002239,22.3,9.8,0.0,16.1,90.49573584427112,-15.083509
2025-05-14,6067.0,38.450136,-121.344329,22.6,8.1,0.0,13.9,90.49573584427112,-1.2289101
2025-05-14,6069.0,36.611651,-121.085811,17.1,3.2,0.0,12.1,90.49573584427112,1.0112053
2025-05-14,6071.0,34.856661,-116.181571,24.0,13.2,0.0,37.2,90.49573584427112,14.28441
2025-05-14,6073.0,33.023604,-116.776117,17.7,7.6,0.3,22.3,110.0,-10.623332
2025-05-14,6075.0,37.727239,-123.032229,11.9,10.4,0.0,26.9,90.49573584427112,-2.8474238
2025-05-14,6077.0,37.934982,-121.272244,21.9,9.4,0.0,20.2,90.49573584427112,-8.033126
2025-05-14,6079.0,35.388189,-120.448897,19.2,3.5,0.0,13.0,90.49573584427112,-2.0874922
2025-05-14,6081.0,37.414672,-122.371546,15.2,7.9,0.0,13.0,87.5,-2.4346862
2025-05-14,6083.0,34.536677,-120.038364,19.8,2.9,0.0,19.2,83.75,9.5791
2025-05-14,6085.0,37.221614,-121.68954,17.9,4.4,0.0,16.8,65.5,-1.3871194
2025-05-14,6087.0,37.012347,-122.007789,16.1,9.3,0.0,22.2,90.49573584427112,-3.7826092
2025-05-14,6089.0,40.760514,-122.043556,14.1,3.5,0.6,9.8,90.49573584427112,5.8776298
2025-05-14,6091.0,39.576925,-120.521993,1.0,-7.3,2.1,12.0,90.49573584427112,0.33058935
2025-05-14,6093.0,41.587986,-122.533287,13.2,4.0,0.3,10.5,90.49573584427112,-3.284488
2025-05-14,6095.0,38.267226,-121.939594,19.7,7.3,0.0,22.3,90.49573584427112,-2.8370037
2025-05-14,6097.0,38.525182,-122.92611,15.5,3.2,0.0,17.2,90.49573584427112,0.93123883
2025-05-14,6099.0,37.562316,-121.002831,22.7,6.6,0.0,23.5,90.49573584427112,-5.995474
2025-05-14,6101.0,39.03619,-121.70394,20.4,7.5,0.0,10.2,65.5,-3.8742776
2025-05-14,6103.0,40.126157,-122.232274,18.7,6.0,0.3,12.2,90.49573584427112,-1.9537772
2025-05-14,6105.0,40.647858,-123.114666,6.8,-2.2,0.0,6.0,90.49573584427112,3.1361866
2025-05-14,6107.0,36.228834,-118.781055,16.0,5.5,1.2,11.1,90.49573584427112,0.2619477
2025-05-14,6109.0,38.021434,-119.964733,4.7,-2.3,0.9,12.9,90.49573584427112,-0.6533448
2025-05-14,6111.0,34.358748,-119.133145,17.8,8.0,0.0,19.3,90.49573584427112,-3.5822499
2025-05-14,6113.0,38.679609,-121.90275,19.9,6.3,0.0,18.8,90.49573584427112,-4.341806
2025-05-14,6115.0,39.27013,-121.344259,18.5,8.0,0.3,9.5,90.49573584427112,-1.8030187
2025-05-15,6001.0,37.647139,-121.912488,18.2,8.3,0.0,21.7,52.0,-2.7383187
2025-05-15,6003.0,38.621783,-119.798352,7.0,-5.8,0.0,19.9,90.49573584427112,0.151173
2025-05-15,6005.0,38.443549,-120.653858,19.1,5.1,0.0,15.4,88.0,5.893578
2025-05-15,6007.0,39.665336,-121.603209,22.8,8.7,0.0,10.1,90.49573584427112,-6.00765
2025-05-15,6009.0,38.191068,-120.554107,19.6,5.3,0.0,15.0,90.49573584427112,-5.337693
2025-05-15,6011.0,39.177739,-122.237563,23.8,10.5,0.0,18.7,210.0,-0.09621997
2025-05-15,6013.0,37.919479,-121.951543,18.5,5.7,0.0,21.1,90.49573584427112,-3.855226
2025-05-15,6015.0,41.749903,-123.980998,14.7,3.7,0.0,11.7,90.49573584427112,-2.0065355
2025-05-15,6017.0,38.785612,-120.534225,15.1,1.0,0.0,17.0,66.0,-2.929318
2025-05-15,6019.0,36.761006,-119.655019,24.1,13.6,0.0,22.7,90.49573584427112,-18.19457
2025-05-15,6021.0,39.602546,-122.4017,21.9,8.7,0.0,12.5,90.49573584427112,-8.621293
2025-05-15,6023.0,40.706655,-123.926176,13.4,2.1,0.0,14.1,90.49573584427112,-1.0897825
2025-05-15,6025.0,33.040814,-115.3554,31.3,15.8,0.0,36.9,90.49573584427112,-8.682999
2025-05-15,6027.0,36.56216,-117.404209,16.3,10.1,0.0,24.5,87.5,-4.073238
2025-05-15,6029.0,35.346629,-118.729506,21.4,11.9,0.0,12.4,90.49573584427112,-14.36067
2025-05-15,6031.0,36.072478,-119.81553,25.8,13.6,0.0,24.2,95.0,5.0534825
2025-05-15,6033.0,39.108009,-122.745217,16.9,3.9,0.0,15.5,90.49573584427112,-0.84008676
2025-05-15,6035.0,40.715287,-120.621223,10.6,-4.9,0.3,19.5,90.49573584427112,1.2299595
2025-05-15,6037.0,34.196398,-118.261862,19.8,11.8,0.0,14.7,90.49573584427112,-5.2520847
2025-05-15,6039.0,37.209821,-119.749802,20.8,9.3,0.0,12.2,90.49573584427112,-6.045995
2025-05-15,6041.0,38.051367,-122.746396,17.0,5.5,0.0,20.6,90.49573584427112,-2.5519555
2025-05-15,6043.0,37.574343,-119.911721,17.9,6.4,0.0,12.7,90.49573584427112,-5.600609
2025-05-15,6045.0,39.432388,-123.442881,16.0,3.5,0.0,17.2,90.49573584427112,0.029203244
2025-05-15,6047.0,37.194806,-120.722802,26.3,9.5,0.0,27.0,106.0,22.001928
2025-05-15,6049.0,41.592918,-120.71837,13.5,-1.8,0.0,15.5,90.49573584427112,1.3181145
2025-05-15,6051.0,37.915836,-118.875167,6.7,-0.1,0.9,11.3,90.49573584427112,-2.3816442
2025-05-15,6053.0,36.240104,-121.315578,20.6,7.3,0.0,29.2,89.0,3.6842833
2025-05-15,6055.0,38.5071,-122.325904,20.1,4.9,0.0,21.8,90.49573584427112,-4.484912
2025-05-15,6057.0,39.297508,-120.771343,14.1,0.1,0.0,15.9,90.49573584427112,-1.7135499
2025-05-15,6059.0,33.675687,-117.777207,20.5,15.0,0.0,15.6,92.33333333333331,-4.9749274
2025-05-15,6061.0,39.062032,-120.722718,16.6,2.1,0.0,14.5,66.66666666666667,-0.21161677
2025-05-15,6063.0,39.992295,-120.824371,6.9,-6.6,0.0,11.8,148.0,2.067625
2025-05-15,6065.0,33.729828,-116.002239,22.4,14.2,0.0,21.1,90.49573584427112,-8.748989
2025-05-15,6067.0,38.450136,-121.344329,24.9,8.4,0.0,21.2,90.49573584427112,-0.51445806
2025-05-15,6069.0,36.611651,-121.085811,19.3,5.2,0.0,13.0,90.49573584427112,1.8391874
2025-05-15,6071.0,34.856661,-116.181571,24.8,15.3,0.0,33.9,90.49573584427112,28.438215
2025-05-15,6073.0,33.023604,-116.776117,17.4,6.7,0.0,17.3,110.0,-0.35937375
2025-05-15,6075.0,37.727239,-123.032229,10.9,10.1,0.0,32.6,90.49573584427112,-1.6524473
2025-05-15,6077.0,37.934982,-121.272244,24.5,10.5,0.0,33.7,90.49573584427112,-1.8947507
2025-05-15,6079.0,35.388189,-120.448897,20.8,7.9,0.0,18.5,90.49573584427112,-4.0168138
2025-05-15,6081.0,37.414672,-122.371546,14.1,7.4,0.0,15.3,87.5,-3.9095964
2025-05-15,6083.0,34.536677,-120.038364,20.1,6.6,0.0,22.2,83.75,3.4668677
2025-05-15,6085.0,37.221614,-121.68954,19.9,5.9,0.0,20.8,65.5,-0.7172248
2025-05-15,6087.0,37.012347,-122.007789,17.3,9.6,0.0,32.5,90.49573584427112,-4.784362
2025-05-15,6089.0,40.760514,-122.043556,20.1,6.4,0.0,14.3,90.49573584427112,-3.1371682
2025-05-15,6091.0,39.576925,-120.521993,5.5,-8.2,0.0,12.1,90.49573584427112,1.5555644
2025-05-15,6093.0,41.587986,-122.533287,16.3,5.0,0.0,16.2,90.49573584427112,1.066021
2025-05-15,6095.0,38.267226,-121.939594,22.3,6.8,0.0,21.8,90.49573584427112,-5.555661
2025-05-15,6097.0,38.525182,-122.92611,19.0,3.0,0.0,20.2,90.49573584427112,2.1644433
2025-05-15,6099.0,37.562316,-121.002831,25.8,9.2,0.0,26.2,90.49573584427112,-1.4112161
2025-05-15,6101.0,39.03619,-121.70394,24.3,8.9,0.0,16.3,65.5,-2.886956
2025-05-15,6103.0,40.126157,-122.232274,23.6,7.8,0.0,12.5,90.49573584427112,-3.9052737
2025-05-15,6105.0,40.647858,-123.114666,12.2,-2.1,0.0,9.6,90.49573584427112,3.4717872
2025-05-15,6107.0,36.228834,-118.781055,17.4,9.3,0.0,10.5,90.49573584427112,-0.44697845
2025-05-15,6109.0,38.021434,-119.964733,9.1,-2.3,0.0,13.8,90.49573584427112,0.83656067
2025-05-15,6111.0,34.358748,-119.133145,20.0,12.5,0.0,19.2,90.49573584427112,-1.6515363
2025-05-15,6113.0,38.679609,-121.90275,23.4,9.0,0.0,26.0,90.49573584427112,-0.0046256073
2025-05-15,6115.0,39.27013,-121.344259,21.5,7.5,0.0,11.8,90.49573584427112,1.6381546
2025-05-16,6001.0,37.647139,-121.912488,19.8,8.5,0.0,17.3,52.0,-5.075775
2025-05-16,6003.0,38.621783,-119.798352,8.1,-2.9,0.0,22.7,90.49573584427112,2.6468387
2025-05-16,6005.0,38.443549,-120.653858,18.8,5.5,0.0,15.8,88.0,6.3666735
2025-05-16,6007.0,39.665336,-121.603209,22.4,8.2,0.0,12.7,90.49573584427112,-7.5753703
2025-05-16,6009.0,38.191068,-120.554107,19.8,5.7,0.0,17.3,90.49573584427112,-6.3685513
2025-05-16,6011.0,39.177739,-122.237563,22.2,8.2,0.0,25.3,210.0,-7.494629
2025-05-16,6013.0,37.919479,-121.951543,19.9,7.4,0.0,18.2,90.49573584427112,-7.943953
2025-05-16,6015.0,41.749903,-123.980998,9.5,7.0,1.2,6.6,90.49573584427112,-2.5730941
2025-05-16,6017.0,38.785612,-120.534225,15.3,4.0,0.3,16.8,66.0,-4.530595
2025-05-16,6019.0,36.761006,-119.655019,26.1,12.3,0.0,23.7,90.49573584427112,-11.981049
2025-05-16,6021.0,39.602546,-122.4017,22.2,8.5,0.0,7.6,90.49573584427112,-3.5616257
2025-05-16,6023.0,40.706655,-123.926176,9.7,5.2,0.3,10.4,90.49573584427112,-1.9135922
2025-05-16,6025.0,33.040814,-115.3554,31.1,14.5,0.0,15.1,90.49573584427112,6.8966374
2025-05-16,6027.0,36.56216,-117.404209,20.6,9.9,0.0,22.8,87.5,-4.2313123
2025-05-16,6029.0,35.346629,-118.729506,23.3,8.2,0.0,19.5,90.49573584427112,-6.5901713
2025-05-16,6031.0,36.072478,-119.81553,27.4,11.0,0.0,23.1,95.0,0.03538972
2025-05-16,6033.0,39.108009,-122.745217,10.3,3.2,0.3,10.2,90.49573584427112,-2.0391567
2025-05-16,6035.0,40.715287,-120.621223,9.3,-1.2,0.0,29.7,90.49573584427112,3.3248649
2025-05-16,6037.0,34.196398,-118.261862,22.6,10.2,0.0,14.3,90.49573584427112,-5.959177
2025-05-16,6039.0,37.209821,-119.749802,22.3,8.8,0.0,16.5,90.49573584427112,-4.252848
2025-05-16,6041.0,38.051367,-122.746396,14.6,7.3,0.0,11.4,90.49573584427112,-2.5337396
2025-05-16,6043.0,37.574343,-119.911721,19.6,6.9,0.0,14.5,90.49573584427112,-6.639167
2025-05-16,6045.0,39.432388,-123.442881,14.0,4.0,0.3,9.4,90.49573584427112,-2.5900953
2025-05-16,6047.0,37.194806,-120.722802,26.8,7.8,0.0,24.6,106.0,28.229322
2025-05-16,6049.0,41.592918,-120.71837,11.9,3.2,0.0,35.1,90.49573584427112,-3.5798311
2025-05-16,6051.0,37.915836,-118.875167,13.0,-1.7,0.0,20.0,90.49573584427112,-2.5545034
2025-05-16,6053.0,36.240104,-121.315578,21.7,6.2,0.0,24.5,89.0,0.29948717
2025-05-16,6055.0,38.5071,-122.325904,17.4,3.4,0.0,17.2,90.49573584427112,-2.1914012
2025-05-16,6057.0,39.297508,-120.771343,12.7,3.3,0.6,15.1,90.49573584427112,-1.5425022
2025-05-16,6059.0,33.675687,-117.777207,20.8,14.6,0.0,17.6,92.33333333333331,-2.826417
2025-05-16,6061.0,39.062032,-120.722718,16.1,5.2,0.0,14.5,66.66666666666667,-0.89282167
2025-05-16,6063.0,39.992295,-120.824371,8.2,-2.6,0.0,22.0,148.0,2.0424864
2025-05-16,6065.0,33.729828,-116.002239,25.6,13.4,0.0,20.2,90.49573584427112,1.8140552
2025-05-16,6067.0,38.450136,-121.344329,24.3,8.1,0.0,15.3,90.49573584427112,0.832222
2025-05-16,6069.0,36.611651,-121.085811,20.0,3.3,0.0,13.0,90.49573584427112,-0.49247465
2025-05-16,6071.0,34.856661,-116.181571,28.0,16.2,0.0,30.4,90.49573584427112,35.27965
2025-05-16,6073.0,33.023604,-116.776117,19.7,9.0,0.0,14.8,110.0,-12.902367
2025-05-16,6075.0,37.727239,-123.032229,12.3,10.8,0.0,22.3,90.49573584427112,-2.6339133
2025-05-16,6077.0,37.934982,-121.272244,25.7,11.0,0.0,21.7,90.49573584427112,3.1298075
2025-05-16,6079.0,35.388189,-120.448897,22.5,4.4,0.0,14.5,90.49573584427112,-5.5182457
2025-05-16,6081.0,37.414672,-122.371546,16.5,7.3,0.0,11.3,87.5,1.0522597
2025-05-16,6083.0,34.536677,-120.038364,23.1,6.5,0.0,22.4,83.75,9.671955
2025-05-16,6085.0,37.221614,-121.68954,22.0,4.8,0.0,14.7,65.5,-8.941949
2025-05-16,6087.0,37.012347,-122.007789,16.6,8.9,0.0,19.2,90.49573584427112,-3.5678535
2025-05-16,6089.0,40.760514,-122.043556,16.1,9.6,0.0,11.3,90.49573584427112,-6.3784504
2025-05-16,6091.0,39.576925,-120.521993,5.5,-3.8,0.0,15.0,90.49573584427112,1.3483133
2025-05-16,6093.0,41.587986,-122.533287,12.2,6.3,0.3,12.1,90.49573584427112,2.0239592
2025-05-16,6095.0,38.267226,-121.939594,22.2,8.1,0.0,19.6,90.49573584427112,-3.6868172
2025-05-16,6097.0,38.525182,-122.92611,14.8,3.8,0.0,8.4,90.49573584427112,-0.946454
2025-05-16,6099.0,37.562316,-121.002831,25.9,7.8,0.0,22.6,90.49573584427112,25.249748
2025-05-16,6101.0,39.03619,-121.70394,23.1,8.5,0.0,15.5,65.5,-16.352903
2025-05-16,6103.0,40.126157,-122.232274,22.4,10.9,0.0,17.0,90.49573584427112,2.51424
2025-05-16,6105.0,40.647858,-123.114666,5.4,1.6,1.2,6.9,90.49573584427112,-0.50681514
2025-05-16,6107.0,36.228834,-118.781055,19.6,7.7,0.0,13.4,90.49573584427112,-3.4999843
2025-05-16,6109.0,38.021434,-119.964733,11.0,0.7,0.0,15.1,90.49573584427112,-3.0136666
2025-05-16,6111.0,34.358748,-119.133145,16.8,10.3,0.0,15.0,90.49573584427112,-2.2944078
2025-05-16,6113.0,38.679609,-121.90275,23.2,7.6,0.0,22.6,90.49573584427112,-9.007695
2025-05-16,6115.0,39.27013,-121.344259,22.0,7.7,0.0,14.1,90.49573584427112,-3.8852568
2025-05-17,6001.0,37.647139,-121.912488,19.7,11.7,0.0,23.1,52.0,3.682409
2025-05-17,6003.0,38.621783,-119.798352,10.3,-1.2,0.0,32.3,90.49573584427112,2.2267718
2025-05-17,6005.0,38.443549,-120.653858,19.6,7.0,0.0,16.3,88.0,11.100831
2025-05-17,6007.0,39.665336,-121.603209,21.4,12.0,1.8,19.8,90.49573584427112,-7.540216
2025-05-17,6009.0,38.191068,-120.554107,20.4,7.9,0.0,16.4,90.49573584427112,-4.9356256
2025-05-17,6011.0,39.177739,-122.237563,24.5,13.1,0.0,30.9,210.0,-4.324756
2025-05-17,6013.0,37.919479,-121.951543,20.2,9.6,0.0,23.3,90.49573584427112,-3.5469196
2025-05-17,6015.0,41.749903,-123.980998,12.7,6.5,4.2,9.0,90.49573584427112,1.6760683
2025-05-17,6017.0,38.785612,-120.534225,14.2,4.2,1.2,16.9,66.0,-3.5604486
2025-05-17,6019.0,36.761006,-119.655019,27.7,15.5,0.0,27.7,90.49573584427112,21.274908
2025-05-17,6021.0,39.602546,-122.4017,22.2,9.8,0.0,12.4,90.49573584427112,-8.319587
2025-05-17,6023.0,40.706655,-123.926176,12.5,5.3,2.1,10.3,90.49573584427112,-1.0847887
2025-05-17,6025.0,33.040814,-115.3554,35.7,18.3,0.0,13.8,90.49573584427112,28.079924
2025-05-17,6027.0,36.56216,-117.404209,22.4,12.0,0.0,29.8,87.5,-14.384672
2025-05-17,6029.0,35.346629,-118.729506,25.6,10.7,0.0,15.3,90.49573584427112,11.057526
2025-05-17,6031.0,36.072478,-119.81553,28.9,14.0,0.0,23.7,95.0,16.485249
2025-05-17,6033.0,39.108009,-122.745217,15.1,6.1,0.9,13.5,90.49573584427112,1.0231202
2025-05-17,6035.0,40.715287,-120.621223,8.4,-0.8,2.7,26.4,90.49573584427112,3.3545794
2025-05-17,6037.0,34.196398,-118.261862,23.8,13.0,0.0,14.5,90.49573584427112,1.1424239
2025-05-17,6039.0,37.209821,-119.749802,23.6,11.8,0.0,16.4,90.49573584427112,-12.251583
2025-05-17,6041.0,38.051367,-122.746396,18.3,10.5,0.3,18.6,90.49573584427112,-3.819655
2025-05-17,6043.0,37.574343,-119.911721,20.6,9.3,0.0,16.3,90.49573584427112,-3.0032592
2025-05-17,6045.0,39.432388,-123.442881,15.8,7.7,2.4,15.5,90.49573584427112,-2.1986437
2025-05-17,6047.0,37.194806,-120.722802,28.2,12.1,0.0,28.3,106.0,10.6628895
2025-05-17,6049.0,41.592918,-120.71837,9.9,2.8,0.6,25.4,90.49573584427112,-7.329577
2025-05-17,6051.0,37.915836,-118.875167,12.9,0.8,0.0,27.3,90.49573584427112,15.149906
2025-05-17,6053.0,36.240104,-121.315578,21.3,9.3,0.0,20.7,89.0,16.029428
2025-05-17,6055.0,38.5071,-122.325904,19.2,7.9,0.3,21.4,90.49573584427112,-4.270123
2025-05-17,6057.0,39.297508,-120.771343,10.7,3.8,2.1,15.0,90.49573584427112,-2.6258397
2025-05-17,6059.0,33.675687,-117.777207,22.9,15.6,0.0,17.1,92.33333333333331,0.61894727
2025-05-17,6061.0,39.062032,-120.722718,14.1,5.7,1.5,12.7,66.66666666666667,-7.400492
2025-05-17,6063.0,39.992295,-120.824371,9.1,1.5,0.3,22.2,148.0,-3.1623485
2025-05-17,6065.0,33.729828,-116.002239,26.9,16.9,0.0,19.3,90.49573584427112,17.804405
2025-05-17,6067.0,38.450136,-121.344329,24.1,11.1,0.0,17.7,90.49573584427112,5.3134513
2025-05-17,6069.0,36.611651,-121.085811,20.7,7.1,0.0,19.8,90.49573584427112,8.303751
2025-05-17,6071.0,34.856661,-116.181571,31.7,17.3,0.0,28.5,90.49573584427112,8.382154
2025-05-17,6073.0,33.023604,-116.776117,23.3,9.7,0.0,18.2,110.0,-0.74684876
2025-05-17,6075.0,37.727239,-123.032229,12.4,11.1,0.6,25.7,90.49573584427112,-6.116145
2025-05-17,6077.0,37.934982,-121.272244,24.0,13.4,0.0,20.9,90.49573584427112,-9.297037
2025-05-17,6079.0,35.388189,-120.448897,23.0,8.2,0.0,19.1,90.49573584427112,6.699472
2025-05-17,6081.0,37.414672,-122.371546,18.2,10.7,0.0,16.5,87.5,-5.5918727
2025-05-17,6083.0,34.536677,-120.038364,23.2,9.3,0.0,30.4,83.75,29.880844
2025-05-17,6085.0,37.221614,-121.68954,21.0,8.1,0.0,20.7,65.5,-2.56199
2025-05-17,6087.0,37.012347,-122.007789,16.6,11.8,0.0,19.5,90.49573584427112,-7.8858247
2025-05-17,6089.0,40.760514,-122.043556,17.7,8.7,1.2,10.1,90.49573584427112,2.2391143
2025-05-17,6091.0,39.576925,-120.521993,8.0,-1.4,0.0,21.3,90.49573584427112,3.676689
2025-05-17,6093.0,41.587986,-122.533287,11.7,5.8,1.5,11.9,90.49573584427112,-2.7302837
2025-05-17,6095.0,38.267226,-121.939594,23.1,11.3,0.0,22.7,90.49573584427112,11.580056
2025-05-17,6097.0,38.525182,-122.92611,18.8,7.3,0.3,17.0,90.49573584427112,-0.12148386
2025-05-17,6099.0,37.562316,-121.002831,24.4,11.3,0.0,27.0,90.49573584427112,18.253817
2025-05-17,6101.0,39.03619,-121.70394,23.8,12.0,0.0,26.0,65.5,-13.52011
2025-05-17,6103.0,40.126157,-122.232274,18.9,9.3,1.8,15.3,90.49573584427112,-0.14953782
2025-05-17,6105.0,40.647858,-123.114666,8.2,0.9,6.3,11.1,90.49573584427112,2.4716651
2025-05-17,6107.0,36.228834,-118.781055,21.8,10.7,0.0,13.7,90.49573584427112,-3.837414
2025-05-17,6109.0,38.021434,-119.964733,12.9,3.2,0.0,19.8,90.49573584427112,-2.9539666
2025-05-17,6111.0,34.358748,-119.133145,19.7,11.3,0.0,14.1,90.49573584427112,1.3122592
2025-05-17,6113.0,38.679609,-121.90275,22.1,11.7,0.0,23.4,90.49573584427112,-14.250529
2025-05-17,6115.0,39.27013,-121.344259,21.1,10.8,0.3,16.3,90.49573584427112,1.0177814
2025-05-18,6001.0,37.647139,-121.912488,21.1,11.0,0.0,16.3,52.0,-1.2822114
2025-05-18,6003.0,38.621783,-119.798352,14.4,-1.7,0.0,20.2,90.49573584427112,4.867309
2025-05-18,6005.0,38.443549,-120.653858,22.2,6.5,0.0,14.8,88.0,7.276693
2025-05-18,6007.0,39.665336,-121.603209,25.9,9.5,0.0,10.3,90.49573584427112,-5.3362513
2025-05-18,6009.0,38.191068,-120.554107,22.8,6.8,0.0,15.5,90.49573584427112,-6.590586
2025-05-18,6011.0,39.177739,-122.237563,26.6,11.0,0.0,14.7,210.0,10.172236
2025-05-18,6013.0,37.919479,-121.951543,22.2,7.7,0.0,18.4,90.49573584427112,-8.005764
2025-05-18,6015.0,41.749903,-123.980998,15.9,4.8,0.0,11.2,90.49573584427112,12.569944
2025-05-18,6017.0,38.785612,-120.534225,18.6,4.1,0.0,14.2,66.0,1.2052062
2025-05-18,6019.0,36.761006,-119.655019,28.2,14.5,0.0,25.2,90.49573584427112,12.076296
2025-05-18,6021.0,39.602546,-122.4017,25.5,9.1,0.0,11.3,90.49573584427112,1.1986217
2025-05-18,6023.0,40.706655,-123.926176,15.3,2.5,0.0,13.9,90.49573584427112,-2.7271144
2025-05-18,6025.0,33.040814,-115.3554,35.3,18.8,0.0,13.0,90.49573584427112,12.678622
2025-05-18,6027.0,36.56216,-117.404209,23.4,13.0,0.0,21.7,87.5,1.2722648
2025-05-18,6029.0,35.346629,-118.729506,25.9,10.6,0.0,13.0,90.49573584427112,12.11129
2025-05-18,6031.0,36.072478,-119.81553,29.6,13.3,0.0,22.5,95.0,-3.8450053
2025-05-18,6033.0,39.108009,-122.745217,19.9,5.0,0.0,14.8,90.49573584427112,-0.8982594
2025-05-18,6035.0,40.715287,-120.621223,15.1,0.6,0.3,14.0,90.49573584427112,-2.0512989
2025-05-18,6037.0,34.196398,-118.261862,25.6,13.6,0.0,15.0,90.49573584427112,-3.855298
2025-05-18,6039.0,37.209821,-119.749802,24.6,11.3,0.0,15.4,90.49573584427112,29.125114
2025-05-18,6041.0,38.051367,-122.746396,19.6,7.1,0.0,20.5,90.49573584427112,-3.6334913
2025-05-18,6043.0,37.574343,-119.911721,22.4,9.1,0.0,13.1,90.49573584427112,-1.6444197
2025-05-18,6045.0,39.432388,-123.442881,17.6,7.7,0.0,18.9,90.49573584427112,-2.59915
2025-05-18,6047.0,37.194806,-120.722802,29.6,9.6,0.0,21.8,106.0,49.26845
2025-05-18,6049.0,41.592918,-120.71837,16.8,3.4,0.0,14.0,90.49573584427112,-11.645323
2025-05-18,6051.0,37.915836,-118.875167,16.7,-0.6,0.0,14.5,90.49573584427112,-4.2679267
2025-05-18,6053.0,36.240104,-121.315578,23.8,7.7,0.0,22.7,89.0,12.548878
2025-05-18,6055.0,38.5071,-122.325904,23.7,6.0,0.0,16.9,90.49573584427112,-4.1356606
2025-05-18,6057.0,39.297508,-120.771343,17.7,2.8,0.0,14.8,90.49573584427112,-2.3751028
2025-05-18,6059.0,33.675687,-117.777207,22.4,16.2,0.0,16.6,92.33333333333331,9.562482
2025-05-18,6061.0,39.062032,-120.722718,20.3,5.1,0.0,13.2,66.66666666666667,-8.634531
2025-05-18,6063.0,39.992295,-120.824371,15.8,-0.8,0.0,16.8,148.0,-3.650341
2025-05-18,6065.0,33.729828,-116.002239,29.5,17.1,0.0,16.6,90.49573584427112,13.098713
2025-05-18,6067.0,38.450136,-121.344329,27.2,9.1,0.0,16.8,90.49573584427112,24.878956
2025-05-18,6069.0,36.611651,-121.085811,24.4,4.7,0.0,9.5,90.49573584427112,19.049631
2025-05-18,6071.0,34.856661,-116.181571,30.6,18.8,0.0,18.9,90.49573584427112,3.174526
2025-05-18,6073.0,33.023604,-116.776117,23.3,10.0,0.0,15.9,110.0,-0.4519021
2025-05-18,6075.0,37.727239,-123.032229,11.3,10.4,0.0,43.8,90.49573584427112,-3.1774704
2025-05-18,6077.0,37.934982,-121.272244,28.0,11.2,0.0,25.3,90.49573584427112,-0.60430217
2025-05-18,6079.0,35.388189,-120.448897,25.4,7.1,0.0,15.5,90.49573584427112,6.303404
2025-05-18,6081.0,37.414672,-122.371546,16.7,9.1,0.0,14.9,87.5,-1.8969926
2025-05-18,6083.0,34.536677,-120.038364,25.7,8.9,0.0,24.3,83.75,51.103184
2025-05-18,6085.0,37.221614,-121.68954,23.9,6.9,0.0,15.5,65.5,17.26028
2025-05-18,6087.0,37.012347,-122.007789,20.8,10.0,0.0,14.9,90.49573584427112,-1.6119974
2025-05-18,6089.0,40.760514,-122.043556,22.3,7.6,0.0,11.0,90.49573584427112,-6.5829577
2025-05-18,6091.0,39.576925,-120.521993,13.1,-2.2,0.0,14.3,90.49573584427112,2.6983216
2025-05-18,6093.0,41.587986,-122.533287,19.5,3.7,0.0,13.3,90.49573584427112,-5.7212086
2025-05-18,6095.0,38.267226,-121.939594,25.4,8.4,0.0,19.1,90.49573584427112,-3.3776495
2025-05-18,6097.0,38.525182,-122.92611,22.6,5.6,0.0,16.3,90.49573584427112,-4.946364
2025-05-18,6099.0,37.562316,-121.002831,29.2,9.0,0.0,23.5,90.49573584427112,46.57845
2025-05-18,6101.0,39.03619,-121.70394,27.5,9.4,0.0,12.8,65.5,33.18314
2025-05-18,6103.0,40.126157,-122.232274,26.9,9.0,0.0,11.2,90.49573584427112,-2.8331373
2025-05-18,6105.0,40.647858,-123.114666,16.2,-1.6,0.0,13.4,90.49573584427112,2.7340522
2025-05-18,6107.0,36.228834,-118.781055,22.5,9.6,0.0,12.1,90.49573584427112,-3.023488
2025-05-18,6109.0,38.021434,-119.964733,16.0,3.3,0.0,17.6,90.49573584427112,-1.8147742
2025-05-18,6111.0,34.358748,-119.133145,20.2,13.0,0.0,14.1,90.49573584427112,2.475291
2025-05-18,6113.0,38.679609,-121.90275,27.0,9.4,0.0,15.3,90.49573584427112,-7.697226
2025-05-18,6115.0,39.27013,-121.344259,24.5,8.6,0.0,12.4,90.49573584427112,2.81377
2025-05-19,6001.0,37.647139,-121.912488,19.8,8.6,0.0,18.3,52.0,-1.9727527
2025-05-19,6003.0,38.621783,-119.798352,16.8,1.7,0.0,26.5,90.49573584427112,-0.28141925
2025-05-19,6005.0,38.443549,-120.653858,23.2,9.2,0.0,13.8,88.0,11.614977
2025-05-19,6007.0,39.665336,-121.603209,26.5,11.8,0.0,15.8,90.49573584427112,-8.5863285
2025-05-19,6009.0,38.191068,-120.554107,24.2,9.2,0.0,13.6,90.49573584427112,-5.0078773
2025-05-19,6011.0,39.177739,-122.237563,28.6,12.8,0.0,30.4,210.0,9.617157
2025-05-19,6013.0,37.919479,-121.951543,20.7,6.6,0.0,20.2,90.49573584427112,-8.436718
2025-05-19,6015.0,41.749903,-123.980998,15.9,6.8,0.0,12.0,90.49573584427112,0.62437266
2025-05-19,6017.0,38.785612,-120.534225,19.8,6.6,0.0,14.8,66.0,2.2974982
2025-05-19,6019.0,36.761006,-119.655019,30.0,16.5,0.0,19.9,90.49573584427112,4.0450735
2025-05-19,6021.0,39.602546,-122.4017,26.9,11.7,0.0,23.5,90.49573584427112,-11.016197
2025-05-19,6023.0,40.706655,-123.926176,16.6,3.3,0.0,12.3,90.49573584427112,-2.6770287
2025-05-19,6025.0,33.040814,-115.3554,38.5,20.1,0.0,13.2,90.49573584427112,25.799164
2025-05-19,6027.0,36.56216,-117.404209,25.2,14.2,0.0,30.5,87.5,4.6734796
2025-05-19,6029.0,35.346629,-118.729506,28.2,13.1,0.0,12.2,90.49573584427112,7.0075917
2025-05-19,6031.0,36.072478,-119.81553,31.9,13.4,0.0,23.1,95.0,-2.4119186
2025-05-19,6033.0,39.108009,-122.745217,20.1,6.4,0.0,15.1,90.49573584427112,-3.3259008
2025-05-19,6035.0,40.715287,-120.621223,16.6,0.7,0.0,25.4,90.49573584427112,-1.7200341
2025-05-19,6037.0,34.196398,-118.261862,25.0,13.6,0.0,14.0,90.49573584427112,-5.2776556
2025-05-19,6039.0,37.209821,-119.749802,26.9,13.0,0.0,12.9,90.49573584427112,19.907852
2025-05-19,6041.0,38.051367,-122.746396,18.1,7.1,0.0,19.0,90.49573584427112,-1.8368459
2025-05-19,6043.0,37.574343,-119.911721,24.4,10.6,0.0,12.1,90.49573584427112,24.03458
2025-05-19,6045.0,39.432388,-123.442881,17.3,5.5,0.0,16.6,90.49573584427112,-0.24881653
2025-05-19,6047.0,37.194806,-120.722802,30.9,10.7,0.0,26.8,106.0,91.30457
2025-05-19,6049.0,41.592918,-120.71837,20.1,4.6,0.0,27.2,90.49573584427112,-8.635503
2025-05-19,6051.0,37.915836,-118.875167,19.0,4.2,0.0,22.3,90.49573584427112,-5.4179654
2025-05-19,6053.0,36.240104,-121.315578,25.1,8.8,0.0,21.8,89.0,21.134415
2025-05-19,6055.0,38.5071,-122.325904,23.6,6.6,0.0,19.7,90.49573584427112,-17.477188
2025-05-19,6057.0,39.297508,-120.771343,18.8,5.4,0.0,16.6,90.49573584427112,-3.553031
2025-05-19,6059.0,33.675687,-117.777207,22.0,15.6,0.0,15.9,92.33333333333331,-5.693581
2025-05-19,6061.0,39.062032,-120.722718,21.3,7.5,0.0,14.5,66.66666666666667,-3.6271365
2025-05-19,6063.0,39.992295,-120.824371,16.8,0.5,0.0,20.3,148.0,-1.5916163
2025-05-19,6065.0,33.729828,-116.002239,30.4,19.8,0.0,18.9,90.49573584427112,1.4926999
2025-05-19,6067.0,38.450136,-121.344329,27.7,10.2,0.0,19.7,90.49573584427112,25.526918
2025-05-19,6069.0,36.611651,-121.085811,25.9,8.0,0.0,8.7,90.49573584427112,12.359646
2025-05-19,6071.0,34.856661,-116.181571,34.5,19.5,0.0,19.2,90.49573584427112,8.410977
2025-05-19,6073.0,33.023604,-116.776117,24.2,9.4,0.0,14.2,110.0,-12.139966
2025-05-19,6075.0,37.727239,-123.032229,11.2,10.6,0.0,43.6,90.49573584427112,-4.6185007
2025-05-19,6077.0,37.934982,-121.272244,28.2,11.7,0.0,30.4,90.49573584427112,-9.092407
2025-05-19,6079.0,35.388189,-120.448897,26.8,8.6,0.0,17.0,90.49573584427112,-0.42661703
2025-05-19,6081.0,37.414672,-122.371546,16.4,9.0,0.0,14.2,87.5,-0.88248545
2025-05-19,6083.0,34.536677,-120.038364,24.1,10.2,0.0,14.8,83.75,24.390356
2025-05-19,6085.0,37.221614,-121.68954,24.7,5.8,0.0,16.3,65.5,12.160367
2025-05-19,6087.0,37.012347,-122.007789,20.5,9.7,0.0,16.2,90.49573584427112,-1.61092
2025-05-19,6089.0,40.760514,-122.043556,24.2,11.2,0.0,18.1,90.49573584427112,4.121063
2025-05-19,6091.0,39.576925,-120.521993,14.9,0.2,0.0,19.2,90.49573584427112,-1.7705548
2025-05-19,6093.0,41.587986,-122.533287,21.2,6.4,0.0,10.5,90.49573584427112,-5.060901
2025-05-19,6095.0,38.267226,-121.939594,24.8,8.4,0.0,25.0,90.49573584427112,-3.730962
2025-05-19,6097.0,38.525182,-122.92611,21.3,4.9,0.0,14.4,90.49573584427112,-1.6534424
2025-05-19,6099.0,37.562316,-121.002831,29.9,9.6,0.0,28.7,90.49573584427112,57.27755
2025-05-19,6101.0,39.03619,-121.70394,29.3,11.2,0.0,20.3,65.5,6.022431
2025-05-19,6103.0,40.126157,-122.232274,27.9,11.6,0.0,23.2,90.49573584427112,9.003334
2025-05-19,6105.0,40.647858,-123.114666,17.4,-0.3,0.0,16.9,90.49573584427112,-2.8438756
2025-05-19,6107.0,36.228834,-118.781055,25.4,12.3,0.0,12.1,90.49573584427112,9.154027
2025-05-19,6109.0,38.021434,-119.964733,17.9,5.5,0.0,15.3,90.49573584427112,-2.2659485
2025-05-19,6111.0,34.358748,-119.133145,22.5,11.4,0.0,13.4,90.49573584427112,0.8094289
2025-05-19,6113.0,38.679609,-121.90275,28.6,11.0,0.0,21.6,90.49573584427112,12.362782
2025-05-19,6115.0,39.27013,-121.344259,25.6,10.7,0.0,13.2,90.49573584427112,8.520546
2025-05-20,6001.0,37.647139,-121.912488,17.6,9.3,0.0,24.5,52.0,4.744509
2025-05-20,6003.0,38.621783,-119.798352,12.5,0.5,0.0,31.9,90.49573584427112,-0.43165055
2025-05-20,6005.0,38.443549,-120.653858,19.4,5.5,0.0,18.5,88.0,8.579894
2025-05-20,6007.0,39.665336,-121.603209,23.0,10.4,0.0,27.4,90.49573584427112,-7.7927804
2025-05-20,6009.0,38.191068,-120.554107,20.5,6.0,0.0,16.3,90.49573584427112,-3.529964
2025-05-20,6011.0,39.177739,-122.237563,22.6,9.9,0.0,32.9,210.0,-7.682968
2025-05-20,6013.0,37.919479,-121.951543,16.8,6.0,0.0,22.9,90.49573584427112,-0.10074246
2025-05-20,6015.0,41.749903,-123.980998,9.2,4.4,0.9,6.7,90.49573584427112,-0.36958954
2025-05-20,6017.0,38.785612,-120.534225,15.5,3.1,0.0,18.8,66.0,-3.0434544
2025-05-20,6019.0,36.761006,-119.655019,27.8,16.5,0.0,29.5,90.49573584427112,41.231964
2025-05-20,6021.0,39.602546,-122.4017,23.6,9.4,0.0,29.3,90.49573584427112,-4.3523035
2025-05-20,6023.0,40.706655,-123.926176,8.5,2.1,1.2,10.7,90.49573584427112,-0.7696982
2025-05-20,6025.0,33.040814,-115.3554,37.7,20.4,0.0,27.9,90.49573584427112,5.496244
2025-05-20,6027.0,36.56216,-117.404209,25.1,13.6,0.0,42.2,87.5,-2.5643554
2025-05-20,6029.0,35.346629,-118.729506,27.3,12.9,0.0,22.4,90.49573584427112,4.1306896
2025-05-20,6031.0,36.072478,-119.81553,30.1,14.2,0.0,29.6,95.0,-11.502594
2025-05-20,6033.0,39.108009,-122.745217,14.1,2.2,0.0,23.8,90.49573584427112,-3.5171256
2025-05-20,6035.0,40.715287,-120.621223,12.6,1.5,0.0,35.8,90.49573584427112,-3.1902833
2025-05-20,6037.0,34.196398,-118.261862,23.2,12.3,0.0,14.7,90.49573584427112,-1.3734199
2025-05-20,6039.0,37.209821,-119.749802,23.7,12.5,0.0,14.1,90.49573584427112,3.3973558
2025-05-20,6041.0,38.051367,-122.746396,15.2,7.6,0.0,19.7,90.49573584427112,-3.9032447
2025-05-20,6043.0,37.574343,-119.911721,21.0,9.9,0.0,14.0,90.49573584427112,-1.8787893
2025-05-20,6045.0,39.432388,-123.442881,14.8,4.7,0.0,16.3,90.49573584427112,-2.096152
2025-05-20,6047.0,37.194806,-120.722802,26.4,11.9,0.0,30.2,106.0,43.172108
2025-05-20,6049.0,41.592918,-120.71837,17.8,4.9,0.0,38.0,90.49573584427112,-9.766644
2025-05-20,6051.0,37.915836,-118.875167,14.0,2.9,0.0,28.6,90.49573584427112,-1.8174698
2025-05-20,6053.0,36.240104,-121.315578,21.5,6.8,0.0,23.7,89.0,12.066453
2025-05-20,6055.0,38.5071,-122.325904,17.5,4.7,0.0,25.0,90.49573584427112,-1.7191372
2025-05-20,6057.0,39.297508,-120.771343,14.4,2.4,0.0,20.9,90.49573584427112,-1.630622
2025-05-20,6059.0,33.675687,-117.777207,21.2,15.8,0.0,15.8,92.33333333333331,13.206368
2025-05-20,6061.0,39.062032,-120.722718,16.6,4.3,0.0,17.3,66.66666666666667,-5.9937234
2025-05-20,6063.0,39.992295,-120.824371,12.4,-0.4,0.0,25.6,148.0,1.5922614
2025-05-20,6065.0,33.729828,-116.002239,30.1,17.8,0.0,20.1,90.49573584427112,3.9947736
2025-05-20,6067.0,38.450136,-121.344329,22.9,10.5,0.0,20.2,90.49573584427112,-3.583547
2025-05-20,6069.0,36.611651,-121.085811,20.2,5.3,0.0,20.1,90.49573584427112,8.070296
2025-05-20,6071.0,34.856661,-116.181571,33.5,20.5,0.0,33.6,90.49573584427112,22.95679
2025-05-20,6073.0,33.023604,-116.776117,22.0,9.3,0.0,15.8,110.0,-7.582571
2025-05-20,6075.0,37.727239,-123.032229,11.6,10.6,0.0,22.4,90.49573584427112,-3.9352672
2025-05-20,6077.0,37.934982,-121.272244,23.2,11.5,0.0,25.2,90.49573584427112,3.320171
2025-05-20,6079.0,35.388189,-120.448897,22.0,6.7,0.0,21.5,90.49573584427112,-5.068427
2025-05-20,6081.0,37.414672,-122.371546,14.6,7.3,0.0,13.6,87.5,-0.8693191
2025-05-20,6083.0,34.536677,-120.038364,21.5,7.7,0.0,21.4,83.75,10.890902
2025-05-20,6085.0,37.221614,-121.68954,18.5,5.7,0.0,16.9,65.5,-2.3358042
2025-05-20,6087.0,37.012347,-122.007789,15.2,10.1,0.0,22.6,90.49573584427112,0.8293013
2025-05-20,6089.0,40.760514,-122.043556,19.4,9.0,0.0,24.1,90.49573584427112,-5.147562
2025-05-20,6091.0,39.576925,-120.521993,10.4,-0.3,0.0,28.7,90.49573584427112,0.013293464
2025-05-20,6093.0,41.587986,-122.533287,16.0,6.4,2.4,13.7,90.49573584427112,3.9871652
2025-05-20,6095.0,38.267226,-121.939594,20.3,9.3,0.0,24.4,90.49573584427112,-1.6436903
2025-05-20,6097.0,38.525182,-122.92611,15.3,4.6,0.0,20.6,90.49573584427112,-1.3391135
2025-05-20,6099.0,37.562316,-121.002831,26.9,10.8,0.0,35.2,90.49573584427112,33.068684
2025-05-20,6101.0,39.03619,-121.70394,23.7,10.3,0.0,30.1,65.5,1.3775035
2025-05-20,6103.0,40.126157,-122.232274,24.2,11.2,0.0,29.3,90.49573584427112,6.4620094
2025-05-20,6105.0,40.647858,-123.114666,9.4,-1.3,0.0,18.3,90.49573584427112,4.4445314
2025-05-20,6107.0,36.228834,-118.781055,23.4,11.6,0.0,10.8,90.49573584427112,3.8891704
2025-05-20,6109.0,38.021434,-119.964733,13.9,3.9,0.0,22.7,90.49573584427112,-4.997927
2025-05-20,6111.0,34.358748,-119.133145,20.8,10.8,0.0,12.9,90.49573584427112,-5.4855413
2025-05-20,6113.0,38.679609,-121.90275,22.2,9.0,0.0,29.8,90.49573584427112,-4.2934656
2025-05-20,6115.0,39.27013,-121.344259,21.5,9.2,0.0,21.1,90.49573584427112,0.42559162
